rn,Wahlkreis 58 (alle Wahlbezirke),Amt Gransee (Briefwahlbezirk 9040),Amt Gransee (Briefwahlbezirk 9041),Birkenwerder (Urnenwahlbezirk 1),Birkenwerder (Urnenwahlbezirk 2),Birkenwerder (Urnenwahlbezirk 3),Birkenwerder (Urnenwahlbezirk 4),Birkenwerder (Urnenwahlbezirk 5),Birkenwerder (Urnenwahlbezirk 6),Birkenwerder (Briefwahlbezirk 9007),Birkenwerder (Briefwahlbezirk 9008),Birkenwerder (Briefwahlbezirk 9009),Brieselang (Urnenwahlbezirk 1),Brieselang (Urnenwahlbezirk 2),Brieselang (Urnenwahlbezirk 3),Brieselang (Urnenwahlbezirk 4),Brieselang (Urnenwahlbezirk 5),Brieselang (Urnenwahlbezirk 6),Brieselang (Urnenwahlbezirk 7),Brieselang (Urnenwahlbezirk 8),Brieselang (Urnenwahlbezirk 9),Brieselang (Urnenwahlbezirk 10),Brieselang (Urnenwahlbezirk 11),Brieselang (Urnenwahlbezirk 12),Brieselang (Urnenwahlbezirk 13),Brieselang (Briefwahlbezirk 9014),Brieselang (Briefwahlbezirk 9015),Brieselang (Briefwahlbezirk 9016),Dallgow-Döberitz (Urnenwahlbezirk 1),Dallgow-Döberitz (Urnenwahlbezirk 2),Dallgow-Döberitz (Urnenwahlbezirk 3),Dallgow-Döberitz (Urnenwahlbezirk 4),Dallgow-Döberitz (Urnenwahlbezirk 5),Dallgow-Döberitz (Urnenwahlbezirk 6),Dallgow-Döberitz (Urnenwahlbezirk 7),Dallgow-Döberitz (Urnenwahlbezirk 8),Dallgow-Döberitz (Briefwahlbezirk 9008),Dallgow-Döberitz (Briefwahlbezirk 9042),Dallgow-Döberitz (Briefwahlbezirk 9043),Falkensee (Urnenwahlbezirk 1),Falkensee (Urnenwahlbezirk 2),Falkensee (Urnenwahlbezirk 3),Falkensee (Urnenwahlbezirk 4),Falkensee (Urnenwahlbezirk 5),Falkensee (Urnenwahlbezirk 6),Falkensee (Urnenwahlbezirk 7),Falkensee (Urnenwahlbezirk 8),Falkensee (Urnenwahlbezirk 9),Falkensee (Urnenwahlbezirk 10),Falkensee (Urnenwahlbezirk 11),Falkensee (Urnenwahlbezirk 12),Falkensee (Urnenwahlbezirk 13),Falkensee (Urnenwahlbezirk 14),Falkensee (Urnenwahlbezirk 15),Falkensee (Urnenwahlbezirk 16),Falkensee (Urnenwahlbezirk 17),Falkensee (Urnenwahlbezirk 18),Falkensee (Urnenwahlbezirk 19),Falkensee (Urnenwahlbezirk 20),Falkensee (Urnenwahlbezirk 21),Falkensee (Urnenwahlbezirk 22),Falkensee (Urnenwahlbezirk 23),Falkensee (Urnenwahlbezirk 24),Falkensee (Urnenwahlbezirk 25),Falkensee (Urnenwahlbezirk 26),Falkensee (Urnenwahlbezirk 27),Falkensee (Urnenwahlbezirk 28),Falkensee (Urnenwahlbezirk 29),Falkensee (Urnenwahlbezirk 30),Falkensee (Urnenwahlbezirk 31),Falkensee (Urnenwahlbezirk 32),Falkensee (Urnenwahlbezirk 33),Falkensee (Urnenwahlbezirk 34),Falkensee (Urnenwahlbezirk 35),Falkensee (Briefwahlbezirk 9036),Falkensee (Briefwahlbezirk 9037),Falkensee (Briefwahlbezirk 9038),Falkensee (Briefwahlbezirk 9039),Falkensee (Briefwahlbezirk 9040),Falkensee (Briefwahlbezirk 9041),Falkensee (Briefwahlbezirk 9042),Falkensee (Briefwahlbezirk 9043),Falkensee (Briefwahlbezirk 9044),Falkensee (Briefwahlbezirk 9045),Falkensee (Briefwahlbezirk 9046),Falkensee (Briefwahlbezirk 9047),Falkensee (Briefwahlbezirk 9048),Falkensee (Briefwahlbezirk 9049),Falkensee (Briefwahlbezirk 9050),Falkensee (Briefwahlbezirk 9051),Fürstenberg/Havel (Urnenwahlbezirk 1),Fürstenberg/Havel (Urnenwahlbezirk 2),Fürstenberg/Havel (Urnenwahlbezirk 3),Fürstenberg/Havel (Urnenwahlbezirk 6),Fürstenberg/Havel (Urnenwahlbezirk 7),Fürstenberg/Havel (Urnenwahlbezirk 8),Fürstenberg/Havel (Briefwahlbezirk 9012),Fürstenberg/Havel (Briefwahlbezirk 9013),Fürstenberg/Havel (Briefwahlbezirk 9014),Glienicke/Nordbahn (Urnenwahlbezirk 1),Glienicke/Nordbahn (Urnenwahlbezirk 2),Glienicke/Nordbahn (Urnenwahlbezirk 3),Glienicke/Nordbahn (Urnenwahlbezirk 4),Glienicke/Nordbahn (Urnenwahlbezirk 5),Glienicke/Nordbahn (Urnenwahlbezirk 6),Glienicke/Nordbahn (Urnenwahlbezirk 7),Glienicke/Nordbahn (Urnenwahlbezirk 8),Glienicke/Nordbahn (Urnenwahlbezirk 9),Glienicke/Nordbahn (Briefwahlbezirk 9010),Glienicke/Nordbahn (Briefwahlbezirk 9011),Glienicke/Nordbahn (Briefwahlbezirk 9012),Hennigsdorf (Urnenwahlbezirk 1),Hennigsdorf (Urnenwahlbezirk 2),Hennigsdorf (Urnenwahlbezirk 3),Hennigsdorf (Urnenwahlbezirk 4),Hennigsdorf (Urnenwahlbezirk 5),Hennigsdorf (Urnenwahlbezirk 6),Hennigsdorf (Urnenwahlbezirk 7),Hennigsdorf (Urnenwahlbezirk 8),Hennigsdorf (Urnenwahlbezirk 9),Hennigsdorf (Urnenwahlbezirk 10),Hennigsdorf (Urnenwahlbezirk 11),Hennigsdorf (Urnenwahlbezirk 12),Hennigsdorf (Urnenwahlbezirk 13),Hennigsdorf (Urnenwahlbezirk 14),Hennigsdorf (Urnenwahlbezirk 15),Hennigsdorf (Urnenwahlbezirk 16),Hennigsdorf (Urnenwahlbezirk 17),Hennigsdorf (Urnenwahlbezirk 18),Hennigsdorf (Urnenwahlbezirk 19),Hennigsdorf (Urnenwahlbezirk 20),Hennigsdorf (Urnenwahlbezirk 21),Hennigsdorf (Urnenwahlbezirk 22),Hennigsdorf (Briefwahlbezirk 9023),Hennigsdorf (Briefwahlbezirk 9024),Hennigsdorf (Briefwahlbezirk 9025),Hennigsdorf (Briefwahlbezirk 9026),Hennigsdorf (Briefwahlbezirk 9027),Hennigsdorf (Briefwahlbezirk 9028),Hennigsdorf (Briefwahlbezirk 9029),Hennigsdorf (Briefwahlbezirk 9030),Hohen Neuendorf (Urnenwahlbezirk 1),Hohen Neuendorf (Urnenwahlbezirk 2),Hohen Neuendorf (Urnenwahlbezirk 3),Hohen Neuendorf (Urnenwahlbezirk 4),Hohen Neuendorf (Urnenwahlbezirk 5),Hohen Neuendorf (Urnenwahlbezirk 6),Hohen Neuendorf (Urnenwahlbezirk 7),Hohen Neuendorf (Urnenwahlbezirk 8),Hohen Neuendorf (Urnenwahlbezirk 9),Hohen Neuendorf (Urnenwahlbezirk 10),Hohen Neuendorf (Urnenwahlbezirk 11),Hohen Neuendorf (Urnenwahlbezirk 12),Hohen Neuendorf (Urnenwahlbezirk 13),Hohen Neuendorf (Urnenwahlbezirk 14),Hohen Neuendorf (Urnenwahlbezirk 15),Hohen Neuendorf (Urnenwahlbezirk 16),Hohen Neuendorf (Urnenwahlbezirk 17),Hohen Neuendorf (Urnenwahlbezirk 18),Hohen Neuendorf (Urnenwahlbezirk 19),Hohen Neuendorf (Urnenwahlbezirk 20),Hohen Neuendorf (Urnenwahlbezirk 21),Hohen Neuendorf (Urnenwahlbezirk 22),Hohen Neuendorf (Briefwahlbezirk 9023),Hohen Neuendorf (Briefwahlbezirk 9024),Hohen Neuendorf (Briefwahlbezirk 9025),Hohen Neuendorf (Briefwahlbezirk 9026),Hohen Neuendorf (Briefwahlbezirk 9027),Hohen Neuendorf (Briefwahlbezirk 9028),Hohen Neuendorf (Briefwahlbezirk 9029),Ketzin/Havel (Urnenwahlbezirk 1),Ketzin/Havel (Urnenwahlbezirk 2),Ketzin/Havel (Urnenwahlbezirk 3),Ketzin/Havel (Urnenwahlbezirk 4),Ketzin/Havel (Urnenwahlbezirk 5),Ketzin/Havel (Urnenwahlbezirk 6),Ketzin/Havel (Urnenwahlbezirk 7),Ketzin/Havel (Urnenwahlbezirk 8),Ketzin/Havel (Urnenwahlbezirk 9),Ketzin/Havel (Briefwahlbezirk 9010),Ketzin/Havel (Briefwahlbezirk 9011),Kremmen (Urnenwahlbezirk 1),Kremmen (Urnenwahlbezirk 2),Kremmen (Urnenwahlbezirk 4),Kremmen (Urnenwahlbezirk 5),Kremmen (Urnenwahlbezirk 6),Kremmen (Urnenwahlbezirk 7),Kremmen (Urnenwahlbezirk 8),Kremmen (Briefwahlbezirk 9009),Kremmen (Briefwahlbezirk 9010),Kremmen (Briefwahlbezirk 9011),Kremmen (Briefwahlbezirk 9012),Kremmen (Briefwahlbezirk 9013),Leegebruch (Urnenwahlbezirk 1),Leegebruch (Urnenwahlbezirk 2),Leegebruch (Urnenwahlbezirk 3),Leegebruch (Urnenwahlbezirk 4),Leegebruch (Urnenwahlbezirk 5),Leegebruch (Urnenwahlbezirk 6),Leegebruch (Briefwahlbezirk 9007),Leegebruch (Briefwahlbezirk 9008),Liebenwalde (Urnenwahlbezirk 1),Liebenwalde (Urnenwahlbezirk 2),Liebenwalde (Urnenwahlbezirk 3),Liebenwalde (Urnenwahlbezirk 4),Liebenwalde (Urnenwahlbezirk 5),Liebenwalde (Urnenwahlbezirk 6),Liebenwalde (Urnenwahlbezirk 7),Liebenwalde (Briefwahlbezirk 9008),Liebenwalde (Briefwahlbezirk 9009),Löwenberger Land (Urnenwahlbezirk 1),Löwenberger Land (Urnenwahlbezirk 2),Löwenberger Land (Urnenwahlbezirk 3),Löwenberger Land (Urnenwahlbezirk 4),Löwenberger Land (Urnenwahlbezirk 5),Löwenberger Land (Urnenwahlbezirk 6),Löwenberger Land (Urnenwahlbezirk 7),Löwenberger Land (Urnenwahlbezirk 8),Löwenberger Land (Urnenwahlbezirk 9),Löwenberger Land (Urnenwahlbezirk 10),Löwenberger Land (Urnenwahlbezirk 11),Löwenberger Land (Urnenwahlbezirk 12),Löwenberger Land (Urnenwahlbezirk 13),Löwenberger Land (Urnenwahlbezirk 14),Löwenberger Land (Briefwahlbezirk 9015),Löwenberger Land (Briefwahlbezirk 9016),Mühlenbecker Land (Urnenwahlbezirk 1),Mühlenbecker Land (Urnenwahlbezirk 2),Mühlenbecker Land (Urnenwahlbezirk 3),Mühlenbecker Land (Urnenwahlbezirk 4),Mühlenbecker Land (Urnenwahlbezirk 5),Mühlenbecker Land (Urnenwahlbezirk 6),Mühlenbecker Land (Urnenwahlbezirk 7),Mühlenbecker Land (Urnenwahlbezirk 8),Mühlenbecker Land (Urnenwahlbezirk 9),Mühlenbecker Land (Urnenwahlbezirk 10),Mühlenbecker Land (Urnenwahlbezirk 11),Mühlenbecker Land (Urnenwahlbezirk 12),Mühlenbecker Land (Briefwahlbezirk 9013),Mühlenbecker Land (Briefwahlbezirk 9014),Mühlenbecker Land (Briefwahlbezirk 9015),Mühlenbecker Land (Briefwahlbezirk 9016),Mühlenbecker Land (Briefwahlbezirk 9017),Mühlenbecker Land (Briefwahlbezirk 9018),Oberkrämer (Urnenwahlbezirk 1),Oberkrämer (Urnenwahlbezirk 2),Oberkrämer (Urnenwahlbezirk 3),Oberkrämer (Urnenwahlbezirk 4),Oberkrämer (Urnenwahlbezirk 5),Oberkrämer (Urnenwahlbezirk 6),Oberkrämer (Urnenwahlbezirk 7),Oberkrämer (Urnenwahlbezirk 8),Oberkrämer (Briefwahlbezirk 9009),Oberkrämer (Briefwahlbezirk 9010),Oberkrämer (Briefwahlbezirk 9011),Oranienburg (Urnenwahlbezirk 1),Oranienburg (Urnenwahlbezirk 2),Oranienburg (Urnenwahlbezirk 3),Oranienburg (Urnenwahlbezirk 4),Oranienburg (Urnenwahlbezirk 5),Oranienburg (Urnenwahlbezirk 6),Oranienburg (Urnenwahlbezirk 8),Oranienburg (Urnenwahlbezirk 9),Oranienburg (Urnenwahlbezirk 10),Oranienburg (Urnenwahlbezirk 11),Oranienburg (Urnenwahlbezirk 13),Oranienburg (Urnenwahlbezirk 14),Oranienburg (Urnenwahlbezirk 15),Oranienburg (Urnenwahlbezirk 16),Oranienburg (Urnenwahlbezirk 17),Oranienburg (Urnenwahlbezirk 18),Oranienburg (Urnenwahlbezirk 19),Oranienburg (Urnenwahlbezirk 20),Oranienburg (Urnenwahlbezirk 21),Oranienburg (Urnenwahlbezirk 22),Oranienburg (Urnenwahlbezirk 23),Oranienburg (Urnenwahlbezirk 25),Oranienburg (Urnenwahlbezirk 26),Oranienburg (Urnenwahlbezirk 28),Oranienburg (Urnenwahlbezirk 29),Oranienburg (Urnenwahlbezirk 31),Oranienburg (Urnenwahlbezirk 32),Oranienburg (Urnenwahlbezirk 35),Oranienburg (Briefwahlbezirk 9033),Oranienburg (Briefwahlbezirk 9034),Oranienburg (Briefwahlbezirk 9035),Oranienburg (Briefwahlbezirk 9036),Oranienburg (Briefwahlbezirk 9037),Oranienburg (Briefwahlbezirk 9038),Oranienburg (Briefwahlbezirk 9039),Oranienburg (Briefwahlbezirk 9040),Oranienburg (Briefwahlbezirk 9041),Oranienburg (Briefwahlbezirk 9042),Oranienburg (Briefwahlbezirk 9043),Oranienburg (Briefwahlbezirk 9044),Oranienburg (Briefwahlbezirk 9045),Oranienburg (Briefwahlbezirk 9046),Oranienburg (Briefwahlbezirk 9047),Schönwalde-Glien (Urnenwahlbezirk 1),Schönwalde-Glien (Urnenwahlbezirk 2),Schönwalde-Glien (Urnenwahlbezirk 3),Schönwalde-Glien (Urnenwahlbezirk 4),Schönwalde-Glien (Urnenwahlbezirk 5),Schönwalde-Glien (Urnenwahlbezirk 6),Schönwalde-Glien (Urnenwahlbezirk 7),Schönwalde-Glien (Urnenwahlbezirk 8),Schönwalde-Glien (Urnenwahlbezirk 9),Schönwalde-Glien (Urnenwahlbezirk 10),Schönwalde-Glien (Urnenwahlbezirk 11),Schönwalde-Glien (Briefwahlbezirk 9012),Schönwalde-Glien (Briefwahlbezirk 9013),Schönwalde-Glien (Briefwahlbezirk 9014),Velten (Urnenwahlbezirk 1),Velten (Urnenwahlbezirk 2),Velten (Urnenwahlbezirk 3),Velten (Urnenwahlbezirk 4),Velten (Urnenwahlbezirk 5),Velten (Urnenwahlbezirk 6),Velten (Urnenwahlbezirk 7),Velten (Urnenwahlbezirk 8),Velten (Urnenwahlbezirk 9),Velten (Briefwahlbezirk 9010),Velten (Briefwahlbezirk 9011),Velten (Briefwahlbezirk 9012),Wustermark (Urnenwahlbezirk 1),Wustermark (Urnenwahlbezirk 2),Wustermark (Urnenwahlbezirk 3),Wustermark (Urnenwahlbezirk 4),Wustermark (Urnenwahlbezirk 5),Wustermark (Urnenwahlbezirk 6),Wustermark (Urnenwahlbezirk 7),Wustermark (Urnenwahlbezirk 8),Wustermark (Urnenwahlbezirk 9),Wustermark (Urnenwahlbezirk 10),Wustermark (Briefwahlbezirk 9009),Wustermark (Briefwahlbezirk 9011),Wustermark (Briefwahlbezirk 9013),Zehdenick (Urnenwahlbezirk 1),Zehdenick (Urnenwahlbezirk 2),Zehdenick (Urnenwahlbezirk 3),Zehdenick (Urnenwahlbezirk 4),Zehdenick (Urnenwahlbezirk 5),Zehdenick (Urnenwahlbezirk 6),Zehdenick (Urnenwahlbezirk 7),Zehdenick (Urnenwahlbezirk 8),Zehdenick (Urnenwahlbezirk 9),Zehdenick (Urnenwahlbezirk 10),Zehdenick (Urnenwahlbezirk 11),Zehdenick (Urnenwahlbezirk 12),Zehdenick (Urnenwahlbezirk 13),Zehdenick (Urnenwahlbezirk 14),Zehdenick (Urnenwahlbezirk 15),Zehdenick (Urnenwahlbezirk 16),Zehdenick (Urnenwahlbezirk 17),Zehdenick (Urnenwahlbezirk 18),Zehdenick (Urnenwahlbezirk 19),Zehdenick (Urnenwahlbezirk 20),Zehdenick (Urnenwahlbezirk 21),Zehdenick (Briefwahlbezirk 9022),Zehdenick (Briefwahlbezirk 9023),Zehdenick (Briefwahlbezirk 9024)
CDU,33373,157,132,122,89,81,63,76,108,125,100,111,79,74,83,90,59,79,45,45,67,79,62,33,56,233,176,182,101,96,82,101,106,128,90,105,219,187,240,37,80,103,72,101,84,81,86,74,59,82,97,84,110,113,118,60,50,56,112,65,101,93,50,36,32,49,67,78,71,72,61,87,62,92,92,156,137,193,137,151,163,132,157,181,143,152,188,209,166,140,72,69,67,38,54,51,104,79,69,100,112,82,120,91,121,106,99,120,267,261,318,24,56,37,41,28,44,37,51,40,45,37,60,56,38,74,57,67,82,123,96,113,62,82,117,105,134,137,124,119,89,68,80,67,75,91,86,90,89,90,84,72,69,106,56,87,74,79,49,92,116,98,73,160,306,205,242,198,197,191,52,48,71,77,26,20,82,49,55,145,83,25,68,56,78,96,87,78,66,66,48,65,43,53,56,86,91,118,63,88,152,29,31,60,20,13,30,92,102,67,86,14,98,32,11,41,29,11,53,31,90,23,18,101,133,160,75,103,82,101,117,93,130,77,58,70,60,74,227,134,150,102,117,82,185,116,129,79,175,33,162,168,183,144,196,87,108,62,100,75,108,60,66,80,71,77,79,119,64,77,64,103,182,133,99,124,106,161,54,178,85,71,69,108,111,93,74,83,38,53,61,53,166,150,120,94,142,102,115,91,85,102,85,81,67,75,49,52,34,146,185,150,105,79,96,52,64,119,49,54,94,148,130,81,43,66,87,68,53,33,96,70,69,85,113,94,150,57,70,71,49,79,40,56,81,33,57,18,11,36,32,23,26,50,10,0,15,19,124,146,86
SPD,55184,317,241,160,141,151,103,143,160,251,197,208,121,98,130,122,114,152,112,116,119,123,94,25,91,350,302,286,129,114,116,113,118,100,142,107,313,190,246,73,106,96,136,119,155,110,104,139,113,92,137,148,98,142,149,103,90,87,152,119,123,106,109,101,112,126,103,97,93,121,104,122,101,145,205,216,231,272,201,224,235,257,287,274,208,233,236,261,214,202,133,118,168,82,102,57,161,123,160,112,120,110,125,137,122,131,142,137,333,349,355,90,152,101,126,88,137,120,112,129,131,164,166,181,123,163,131,143,168,145,110,119,93,171,302,255,287,333,289,269,183,136,109,118,106,44,95,111,128,119,96,101,97,132,119,113,99,125,90,147,134,104,123,342,414,293,355,344,325,335,83,124,124,150,83,35,150,91,107,282,147,120,79,90,155,165,149,92,117,137,66,107,73,100,145,162,139,131,163,182,213,41,77,61,43,18,80,190,143,99,143,21,184,48,31,88,59,19,64,63,113,36,33,171,311,231,104,146,98,97,121,50,138,140,91,122,107,136,304,251,138,168,232,193,164,188,214,108,186,37,239,179,241,209,246,168,182,124,237,168,256,135,143,140,232,183,157,190,156,132,165,163,288,134,172,203,189,252,91,247,121,97,140,230,215,218,180,233,112,192,158,139,308,224,246,177,279,214,116,100,96,150,123,110,105,119,111,74,62,244,244,168,127,143,140,152,162,142,164,124,137,268,292,203,38,129,124,116,81,57,165,95,105,99,254,152,275,119,163,176,153,119,114,136,161,71,54,30,33,49,52,44,48,90,18,0,41,30,325,373,179
Grüne,20660,46,83,96,54,67,64,67,87,116,123,137,36,37,51,42,46,62,24,32,52,38,29,17,12,188,151,126,71,56,63,63,65,56,83,48,125,125,144,78,47,64,66,88,61,74,73,75,51,66,61,73,57,81,65,60,48,20,93,47,55,42,18,26,35,31,52,79,72,74,58,74,90,67,118,92,99,133,178,116,132,196,154,174,128,114,189,147,148,122,38,22,21,14,15,10,50,32,23,69,92,66,51,32,48,79,92,50,186,185,227,16,17,15,13,11,40,36,34,23,42,28,27,33,26,50,32,47,43,41,40,92,50,52,66,67,93,101,76,113,69,77,79,50,55,25,77,53,62,60,52,48,47,100,40,86,50,47,47,49,66,71,33,175,210,140,195,202,193,151,20,23,20,25,28,3,33,16,27,58,43,19,10,20,32,26,33,14,24,33,21,38,30,17,24,32,50,35,33,30,68,20,16,9,2,5,13,33,27,36,15,1,45,6,13,3,11,9,16,13,21,5,7,57,63,77,55,86,54,45,69,51,81,31,55,50,38,43,149,118,76,70,110,71,42,61,54,28,85,12,93,91,76,90,160,59,35,44,76,84,49,32,70,43,45,29,63,71,27,29,26,47,60,56,55,79,41,120,16,57,26,26,54,60,78,66,43,82,26,57,48,33,121,86,50,36,134,53,52,40,59,67,51,34,22,38,12,11,11,89,131,139,43,34,33,16,19,37,20,15,37,62,61,42,15,55,42,51,37,7,48,32,24,49,96,62,104,19,16,17,20,15,20,17,13,5,11,7,3,10,3,9,2,13,3,0,7,7,36,31,38
FDP,19799,62,38,61,61,70,40,57,75,110,59,82,41,39,53,56,67,57,22,40,41,47,33,19,20,135,92,120,55,42,68,69,54,77,69,61,142,93,156,40,49,65,71,59,69,66,40,64,49,52,73,53,55,49,65,60,42,34,69,59,61,52,20,16,30,39,62,59,51,48,43,53,67,79,59,61,72,88,90,91,94,107,86,128,108,111,137,90,95,93,28,32,20,13,15,19,43,33,33,81,82,62,78,79,64,71,80,89,172,163,221,20,17,32,18,27,27,21,32,37,41,25,36,22,43,43,30,54,55,79,77,85,47,41,60,41,74,77,66,98,67,47,49,48,44,40,50,61,58,44,45,51,38,67,47,38,47,45,27,59,79,62,50,98,143,122,126,118,110,131,24,24,35,38,16,5,29,31,22,59,49,17,16,38,48,56,25,36,20,44,24,27,19,45,36,65,63,57,45,53,83,5,26,15,10,9,32,37,40,40,36,6,52,6,2,31,4,8,18,17,27,9,14,77,55,56,58,77,53,56,89,38,74,53,39,62,47,46,163,109,67,55,94,72,68,64,97,40,116,13,116,75,88,96,106,61,43,33,60,77,79,38,59,61,28,44,29,52,32,38,50,51,93,68,69,83,85,90,22,87,42,19,48,70,68,42,48,74,22,34,42,17,69,74,72,55,106,58,41,44,50,55,52,30,38,37,27,23,20,100,106,74,58,64,55,42,50,70,30,38,56,78,84,53,13,55,73,38,52,20,49,24,53,43,86,54,97,37,31,20,19,22,25,30,42,10,11,5,9,34,8,7,16,25,4,0,19,1,62,62,52
Linke,12665,91,87,48,31,39,35,46,48,75,54,72,10,24,20,31,25,41,28,27,23,16,20,8,22,76,80,47,21,22,13,15,11,11,14,16,43,39,40,17,21,32,35,24,20,27,24,27,40,26,30,26,21,23,28,20,13,8,27,30,27,23,36,38,23,28,23,18,23,18,31,24,26,27,42,38,29,39,57,47,60,53,24,55,61,41,50,30,34,42,38,42,19,25,19,6,44,48,26,10,33,20,19,12,24,30,36,41,66,46,82,29,36,32,18,25,40,29,30,45,26,34,28,24,40,22,39,37,35,29,22,14,7,33,54,45,57,69,73,56,40,29,37,33,26,11,21,24,22,41,27,11,17,32,33,24,35,26,27,32,39,31,26,105,85,90,74,84,73,67,14,22,23,29,18,7,30,21,21,44,32,25,12,12,48,50,34,25,37,23,14,33,13,32,33,39,24,34,26,44,54,0,16,19,8,8,21,47,37,32,30,8,38,11,13,15,8,9,21,11,24,13,5,48,70,74,36,58,34,14,47,13,20,36,39,30,30,49,74,68,19,43,32,56,24,49,26,22,35,11,38,36,37,48,37,43,47,40,68,56,76,41,50,44,81,66,38,81,59,51,57,55,67,49,46,62,59,67,13,72,24,40,27,43,54,50,55,66,32,43,32,36,72,60,59,35,90,59,5,28,25,29,14,21,27,17,16,13,14,44,52,26,26,30,31,46,25,25,29,43,30,55,46,45,13,45,46,33,27,6,49,24,18,23,51,21,61,28,29,31,28,25,38,21,37,25,11,4,8,13,9,6,16,22,2,0,5,8,45,49,39
AfD,30793,99,133,91,104,66,61,62,97,97,44,60,88,71,101,86,111,56,79,72,55,51,50,24,91,122,86,97,84,112,56,58,72,57,46,99,87,69,88,43,108,86,58,47,80,82,49,84,88,67,89,85,77,57,81,46,52,54,57,82,80,91,63,62,86,85,37,72,52,54,76,67,69,79,54,52,69,49,57,41,42,51,41,75,46,66,66,53,81,91,129,113,92,49,136,47,76,52,66,73,56,46,64,72,86,53,59,69,97,94,122,78,103,92,76,90,84,61,75,93,115,97,80,74,81,84,83,99,96,69,91,103,53,52,81,61,99,98,89,122,74,58,60,78,76,35,66,87,55,98,62,61,35,55,62,41,52,62,42,65,97,84,82,83,130,91,85,75,98,81,78,58,75,60,23,37,49,60,82,75,56,66,93,73,149,126,101,74,54,60,49,35,37,100,127,141,92,136,119,116,99,31,62,59,23,7,87,154,87,41,90,29,128,45,27,45,39,23,68,35,90,21,29,199,109,128,70,90,78,64,102,61,67,139,76,90,110,120,94,68,41,56,87,80,108,171,139,72,175,36,159,157,87,101,111,143,166,84,157,110,236,124,121,92,177,122,170,123,112,96,130,143,200,142,151,212,170,145,56,255,108,87,91,89,76,47,61,69,47,63,48,51,105,100,104,93,73,66,95,78,82,73,80,82,67,103,60,46,42,93,121,49,149,116,153,135,145,106,129,152,116,129,88,78,40,90,114,90,56,42,123,72,89,96,71,51,129,102,94,99,115,75,113,131,157,68,50,51,16,38,25,37,61,80,20,0,26,25,95,154,80
Tierschutzpartei,6152,23,13,33,19,20,14,13,19,18,18,20,16,7,15,11,23,15,11,15,21,14,11,5,16,35,37,33,16,15,10,13,8,15,11,25,31,24,32,10,16,15,10,8,8,11,12,9,9,14,17,15,21,12,21,8,6,15,21,33,11,11,12,26,22,20,9,8,12,17,8,11,13,16,35,22,26,18,24,23,17,19,21,16,12,21,28,16,13,30,18,17,12,3,12,3,20,13,20,14,11,17,17,24,15,9,14,19,40,43,40,21,30,13,10,9,25,13,10,18,24,16,15,16,13,11,18,17,8,19,24,13,9,11,18,17,28,34,29,29,15,12,8,10,17,7,14,20,13,26,14,15,4,12,18,6,9,15,9,17,22,14,21,21,50,38,39,43,27,30,9,7,12,7,1,3,12,11,9,20,13,10,7,11,19,17,11,22,14,13,12,5,15,18,9,32,20,21,26,19,27,7,10,7,9,3,10,18,15,16,8,2,18,2,4,9,1,1,3,5,13,3,3,26,22,27,18,15,18,15,14,14,32,18,13,20,14,24,27,18,25,23,25,29,14,24,35,13,26,4,21,25,24,21,40,28,19,21,26,22,39,32,22,18,26,22,27,30,22,13,19,23,17,23,10,33,23,16,5,32,7,13,10,20,21,19,12,22,12,24,12,21,36,21,18,12,16,16,14,9,7,14,12,14,10,12,17,9,13,39,19,21,27,27,30,17,17,22,25,27,19,30,23,23,5,22,17,17,18,3,23,13,17,18,39,17,29,16,7,7,9,16,11,8,15,5,3,4,3,3,7,3,3,9,2,0,1,1,14,18,10
Die Partei,2360,14,8,7,10,3,7,12,3,20,11,17,4,12,1,4,14,3,4,4,8,4,5,3,1,15,20,10,12,8,4,3,2,0,2,7,6,4,20,1,3,3,1,10,3,1,2,4,11,9,6,6,1,5,2,0,3,5,6,5,5,2,6,7,3,7,7,4,5,5,5,7,1,10,8,2,6,6,11,9,7,9,3,9,6,17,9,7,7,7,1,8,6,1,3,0,2,7,2,5,2,9,7,3,8,3,4,2,11,14,10,3,3,3,4,2,8,7,7,8,10,5,6,4,3,5,4,7,2,9,7,4,3,4,5,6,13,16,5,18,7,7,3,7,10,1,3,10,3,7,5,5,7,7,2,4,4,2,2,2,12,10,7,25,12,11,10,13,12,23,6,4,6,1,0,0,4,3,4,8,6,1,3,3,2,4,4,1,5,2,2,3,7,13,8,7,11,15,12,7,8,1,1,3,0,0,2,3,3,3,6,0,5,0,1,3,1,0,3,1,1,1,0,7,9,16,2,3,6,3,8,9,3,9,9,7,4,1,10,8,4,6,13,7,8,11,9,5,13,3,11,6,8,13,1,7,13,7,15,12,13,15,25,7,12,12,7,10,9,6,17,12,10,12,6,10,9,13,5,22,4,11,8,9,15,11,15,7,5,9,9,8,12,11,13,10,14,5,1,2,5,4,7,4,2,2,4,2,3,13,9,5,6,5,7,9,6,7,15,13,6,10,10,7,4,7,8,9,4,1,5,10,8,3,7,7,12,5,2,3,6,3,4,2,7,3,1,3,0,0,2,0,2,1,1,0,1,1,7,6,13
Freie Wähler,5141,15,25,16,16,8,6,8,5,28,6,11,27,8,9,11,11,11,15,6,9,8,12,6,9,37,36,24,9,11,12,13,16,16,9,10,24,14,29,7,14,15,12,3,9,6,13,14,13,19,13,13,9,8,6,21,2,10,5,8,18,4,14,4,12,4,14,7,15,17,12,16,8,16,25,12,17,16,18,20,21,21,19,12,22,34,31,23,14,26,7,6,4,2,8,1,14,8,3,7,5,4,14,11,4,4,8,6,12,20,23,8,10,6,14,9,10,6,8,3,18,9,6,8,8,6,17,14,13,6,6,7,5,17,16,15,19,32,21,30,13,9,1,10,14,7,7,9,5,10,10,5,0,8,10,5,7,7,10,6,10,3,11,22,47,22,25,20,12,35,6,7,5,5,2,2,12,6,8,24,18,24,13,22,37,38,17,16,22,29,11,35,27,9,11,10,21,18,12,24,25,4,4,9,3,6,8,19,13,13,14,1,13,2,4,8,2,1,17,2,7,4,10,26,25,40,15,32,16,10,15,2,2,22,14,18,27,23,36,35,11,28,34,50,12,19,19,8,19,8,30,15,21,32,29,22,22,11,27,12,15,19,14,12,14,14,17,12,16,13,11,18,45,10,23,35,16,15,3,45,30,24,14,13,14,12,14,30,9,6,13,11,31,42,23,29,33,26,5,3,11,12,7,5,3,9,6,5,7,26,25,15,13,7,21,11,9,10,9,18,17,13,16,21,5,16,9,2,4,2,30,18,13,14,16,27,34,10,13,9,15,14,12,11,8,8,4,5,4,9,5,9,10,10,3,0,9,4,29,19,15
NPD,555,4,2,2,4,1,0,2,1,2,0,2,1,3,0,2,2,2,1,1,2,1,0,0,2,1,4,2,1,0,0,1,1,1,0,1,2,1,0,0,0,2,0,1,0,1,1,0,0,0,1,0,2,0,0,0,1,0,0,0,0,0,1,3,2,1,0,0,0,1,0,0,0,0,1,1,0,0,2,1,0,1,0,0,1,0,3,2,0,2,3,5,0,2,2,2,2,3,0,0,0,0,0,1,0,0,0,1,2,1,4,3,4,0,2,4,3,4,1,4,2,0,1,1,5,1,2,3,2,1,1,1,0,0,1,1,1,0,2,1,2,3,0,0,2,0,0,0,0,1,0,0,0,0,1,0,1,0,1,0,1,0,2,0,0,0,1,0,1,1,1,1,1,1,0,3,0,4,0,1,0,6,3,2,2,6,7,1,0,2,2,1,0,0,5,2,2,1,4,1,2,0,7,1,0,0,3,5,3,1,1,2,3,0,0,3,4,0,0,1,4,0,0,6,2,0,0,0,1,0,1,1,0,1,0,0,0,0,1,0,0,2,0,1,3,3,2,0,5,0,1,2,5,0,0,0,1,3,1,1,4,1,2,0,4,2,3,1,9,2,5,3,6,2,4,1,3,2,0,1,2,3,1,2,0,0,7,2,0,0,1,2,4,2,1,2,0,0,0,1,1,0,1,1,2,1,1,2,0,0,2,0,7,6,5,3,7,3,2,9,4,4,4,6,0,0,0,1,0,2,0,1,1,0,1,0,2,2,3,4,3,1,3,3,9,1,0,2,0,0,0,1,3,2,1,0,2,3,1,2,1
DKP,149,0,1,0,0,0,2,0,2,2,0,2,0,0,0,0,0,0,0,0,0,0,0,0,0,1,0,1,0,0,0,0,0,0,0,0,0,1,0,0,0,1,0,0,0,1,0,2,1,0,0,1,0,0,2,0,0,0,0,0,0,0,1,0,0,0,0,0,0,0,0,0,0,0,1,0,0,1,1,0,0,0,0,0,0,2,0,0,1,0,0,3,0,0,0,0,0,1,0,0,0,0,0,0,0,0,0,0,0,0,0,0,0,0,0,0,3,0,0,0,1,1,0,1,1,0,0,2,0,0,0,0,0,0,1,0,1,0,0,0,0,0,2,0,0,0,1,1,0,2,0,1,0,0,0,0,0,0,0,0,0,1,0,1,4,3,4,2,1,2,0,1,0,1,0,0,1,0,1,0,0,0,0,0,4,1,2,1,0,0,0,0,1,1,1,0,0,1,0,1,0,0,0,1,0,0,0,1,1,1,0,0,0,0,0,0,0,0,0,1,0,0,2,2,0,1,0,2,0,0,0,0,0,1,1,0,3,1,1,0,0,1,0,6,0,0,0,0,0,0,0,1,2,1,2,0,0,0,1,0,0,0,0,0,0,0,0,0,0,1,0,0,0,0,0,0,0,1,0,3,2,0,0,0,0,0,0,0,0,0,0,1,1,0,0,0,0,3,0,2,0,0,0,0,2,0,0,0,0,2,1,1,0,0,0,0,0,0,2,1,0,0,0,0,0,0,0,0,0,0,0,0,0,2,0,0,0,0,0,1,1,1,1,0,0,0,0,0,0,0,0,0,0,0,0,0,0,0,1,0,1
ÖDP,373,2,2,1,1,2,0,1,2,2,2,7,8,0,0,1,1,2,0,1,1,1,1,1,1,6,10,5,0,0,0,0,0,1,1,2,1,1,3,0,0,0,0,0,1,0,1,0,1,2,1,0,2,0,1,1,1,0,0,0,1,0,0,0,2,2,0,2,3,0,0,0,0,1,2,0,2,0,1,0,2,4,1,3,1,2,1,1,0,1,1,1,0,0,0,1,0,4,3,0,0,2,0,1,1,0,3,1,3,2,0,0,0,0,0,2,2,1,2,0,2,1,1,0,0,0,1,4,2,1,2,1,0,1,1,6,3,1,9,2,1,0,1,0,0,0,1,0,1,0,1,0,1,0,1,1,0,0,0,0,0,1,0,2,2,0,5,2,0,2,0,1,2,0,1,0,0,0,0,1,2,0,1,0,1,0,0,0,0,1,1,0,0,1,0,1,3,0,0,2,4,0,0,0,0,0,0,0,0,0,0,0,0,0,0,0,1,0,1,1,1,0,0,0,1,0,1,1,3,0,1,3,2,0,1,1,0,1,5,2,0,0,0,1,3,2,2,0,1,0,1,1,3,3,4,1,0,0,1,3,3,0,1,0,1,1,1,1,0,1,1,3,2,2,0,2,1,3,1,0,1,1,1,1,0,1,2,1,0,1,2,2,1,2,4,1,3,0,1,0,0,0,0,0,1,0,1,0,0,0,6,2,0,1,1,0,0,1,0,2,0,1,0,2,0,0,0,2,2,0,1,0,1,1,0,1,2,1,0,2,0,1,3,0,0,1,0,0,0,0,0,0,0,1,0,0,0,1,0,3,1
MLPD,77,0,0,0,0,0,0,0,0,1,0,1,0,0,1,0,0,0,0,0,0,0,0,0,0,1,1,1,0,0,0,0,0,0,0,1,0,0,0,0,0,0,0,0,0,0,0,0,0,0,0,0,0,1,1,0,0,0,0,1,0,1,0,0,0,0,0,0,0,0,0,0,0,1,0,0,1,0,0,0,0,0,0,1,0,1,0,0,0,0,0,0,0,0,0,1,4,0,0,0,0,1,0,0,0,1,0,0,0,0,1,0,0,0,0,0,0,0,0,0,1,0,0,0,0,0,0,0,0,0,0,0,0,0,1,0,0,0,0,1,0,0,0,0,0,0,0,0,0,0,0,0,0,0,0,1,0,0,0,0,0,1,0,0,2,1,0,1,1,0,0,1,0,2,0,0,1,0,0,0,0,0,0,0,0,0,1,0,0,0,0,0,0,0,0,0,0,1,0,0,0,0,0,0,0,0,0,0,0,0,0,0,0,0,0,0,0,0,0,1,0,0,0,0,0,0,0,1,0,0,0,0,0,0,0,0,0,0,0,0,2,0,0,0,0,0,0,0,0,0,0,0,0,2,1,0,0,1,0,0,1,0,1,0,0,0,0,0,0,0,1,1,0,0,0,0,0,0,0,0,0,0,0,0,0,0,0,2,0,0,1,1,0,2,0,0,0,0,0,0,0,0,0,0,0,1,0,0,0,0,1,0,1,0,0,0,0,0,0,0,0,0,0,0,1,1,0,2,0,0,1,1,0,1,3,1,0,2,0,0,0,0,0,0,0,1,0,0,0,0,0,0,0,0,0,0,0,0,0,0,0
Die Basis,2732,13,10,24,11,13,9,16,9,17,10,16,14,7,9,7,10,4,11,1,7,3,2,2,1,21,14,7,5,9,5,6,5,5,3,8,6,8,10,6,9,7,4,6,20,4,4,10,10,5,10,6,10,3,8,8,3,3,3,4,10,10,6,6,6,10,3,3,8,3,8,8,10,11,12,9,7,7,11,10,6,11,3,6,3,8,10,2,7,6,9,5,10,5,6,4,7,8,6,5,8,16,9,7,12,9,8,11,13,24,12,4,1,5,0,5,2,10,5,5,7,3,11,3,5,8,3,8,9,11,7,9,2,4,9,6,11,7,8,9,3,7,2,5,14,3,7,5,4,15,12,6,4,13,17,5,8,10,8,16,7,9,3,15,20,11,13,13,12,25,6,4,3,7,6,2,5,2,3,8,5,5,1,6,7,9,6,8,4,1,1,6,11,4,2,12,6,4,5,11,7,0,4,8,0,2,1,13,8,10,6,2,6,7,0,1,1,3,0,0,4,0,2,10,10,11,20,19,20,6,19,3,6,11,15,5,11,19,14,10,15,3,12,7,12,3,6,7,23,4,13,11,6,9,14,15,8,13,9,20,9,9,6,7,14,5,10,12,7,8,12,14,17,10,15,17,14,8,7,19,3,7,8,3,2,7,3,6,4,10,5,3,7,10,2,9,8,5,6,12,8,3,8,8,1,3,13,4,2,6,15,8,7,2,8,12,3,9,9,6,5,7,7,8,3,7,7,8,4,3,9,4,6,9,5,4,8,11,3,0,1,2,5,5,7,1,5,3,0,5,1,1,2,4,1,0,0,3,8,1,4
Die Humanisten,244,3,3,0,1,0,0,0,2,2,0,0,0,1,1,1,1,1,0,0,0,1,0,1,0,0,2,4,1,1,0,0,0,0,0,0,1,0,3,1,0,0,0,4,0,0,0,0,1,1,2,1,1,2,1,0,1,0,2,0,0,1,0,0,0,0,0,0,1,0,2,0,0,1,0,0,0,2,3,1,1,0,0,1,5,0,3,0,1,0,0,2,0,0,1,1,1,0,1,0,1,0,2,0,2,2,0,1,1,1,2,0,2,0,0,0,1,0,2,0,1,1,0,1,0,0,0,0,1,3,2,1,0,0,0,0,3,2,0,0,2,0,0,0,1,0,1,0,1,1,1,0,1,2,1,0,0,0,1,3,1,0,0,1,4,3,1,0,1,0,0,1,0,0,0,0,2,1,0,0,0,2,0,0,0,1,0,0,0,2,0,1,0,1,0,1,0,0,1,1,0,0,1,0,0,0,0,0,0,0,0,0,0,0,0,0,0,0,0,0,0,0,0,1,0,0,0,0,1,0,1,0,3,1,1,1,0,2,0,1,0,1,0,4,0,1,3,0,1,0,0,1,0,1,1,0,0,2,1,1,1,1,2,2,2,0,0,1,1,0,1,0,1,1,0,1,3,1,0,2,2,0,3,1,0,0,1,1,0,0,1,1,2,0,2,0,0,0,0,1,1,0,0,0,1,1,0,0,0,1,0,1,0,1,2,1,0,2,0,2,0,1,2,1,0,1,0,0,0,0,0,0,0,1,1,2,2,0,0,0,0,0,0,1,0,0,0,0,0,0,0,0,1,0,0,0,1,0,1,0,1
Piraten,1076,4,2,6,3,4,4,5,5,10,1,6,3,1,0,2,1,2,3,0,1,2,0,1,2,3,8,4,1,5,1,0,1,3,4,5,4,2,1,2,5,3,2,1,0,4,1,2,5,3,4,2,1,0,0,0,2,2,2,0,1,0,4,2,4,2,1,2,2,0,3,5,0,5,3,8,4,2,2,5,3,2,3,0,1,7,2,2,4,3,1,0,2,1,0,0,1,1,2,1,2,1,2,3,4,1,3,1,10,14,10,2,2,4,5,7,7,1,2,5,1,4,3,4,5,4,4,5,3,5,5,4,0,3,2,4,5,5,4,7,12,1,0,2,1,1,2,3,2,1,2,1,1,2,2,2,1,0,1,3,3,1,2,5,4,2,5,4,2,8,0,1,2,0,0,1,1,0,1,6,0,2,1,2,5,3,6,3,4,2,0,7,3,4,0,2,8,3,7,1,2,2,2,1,0,0,1,3,4,0,2,0,0,1,0,2,0,1,2,0,1,1,0,3,2,3,1,2,4,1,1,1,0,5,1,3,2,2,2,2,2,4,3,4,3,6,4,1,6,0,8,4,2,2,3,9,3,4,10,3,11,4,9,4,11,7,4,6,10,7,3,8,8,4,4,5,4,2,2,6,1,2,2,5,3,8,5,7,3,8,9,7,8,7,6,5,12,6,0,1,6,3,2,1,4,1,0,3,0,5,8,1,6,0,8,0,1,4,5,0,5,9,2,6,0,4,3,3,3,0,3,3,2,2,6,1,4,0,4,0,0,0,0,6,1,0,1,0,1,2,0,1,0,1,0,0,0,0,8,2,0
Team Todenhöfer,471,0,1,2,1,3,2,1,1,1,2,1,0,0,1,0,0,1,2,0,1,1,0,0,0,2,6,3,3,0,0,1,0,2,2,3,3,4,7,3,2,3,1,1,0,1,0,1,6,7,0,0,3,1,2,1,4,1,4,4,3,2,0,1,1,0,3,0,2,1,0,0,0,1,2,1,3,4,3,3,5,1,2,1,6,3,3,1,5,2,0,0,1,1,0,0,1,0,0,3,2,2,4,2,2,4,0,3,2,5,6,0,0,1,0,1,3,3,1,2,2,2,2,0,0,2,1,3,1,2,2,0,0,0,2,0,0,1,1,2,6,1,0,0,1,2,1,0,2,2,1,2,0,1,4,0,1,1,0,3,0,1,1,2,2,2,3,3,1,1,1,0,0,0,0,0,1,1,1,1,0,0,0,0,0,0,0,1,0,0,2,0,0,0,0,2,1,0,2,1,1,0,0,0,1,0,1,0,0,0,0,0,0,0,0,0,0,1,0,0,0,0,0,0,0,1,1,2,0,1,1,3,5,0,1,0,1,0,7,0,0,2,3,1,2,3,0,0,0,0,6,1,2,3,7,0,1,3,0,4,1,1,0,0,2,3,2,3,0,1,0,2,3,0,0,1,0,3,0,3,1,0,0,1,0,0,0,2,1,1,0,0,0,0,4,3,0,3,0,0,0,2,3,0,0,0,0,0,1,7,1,0,0,0,3,1,1,0,1,2,0,2,3,5,1,1,2,2,6,0,0,0,0,2,6,2,3,0,1,1,0,1,1,1,0,0,0,0,0,0,0,0,1,0,0,0,0,0,1,1,4
Unabhängige,757,4,4,3,3,3,0,0,1,4,7,3,4,0,4,1,4,1,1,0,2,3,1,1,3,7,6,4,3,3,1,4,3,1,0,4,3,0,2,0,0,0,2,0,0,1,2,5,3,0,3,0,0,0,1,0,1,1,1,1,0,0,0,2,1,2,0,0,0,0,2,1,1,1,4,3,3,6,6,3,2,1,5,2,1,1,0,3,1,9,0,3,0,1,5,1,2,1,0,4,0,1,2,1,3,1,0,3,6,2,4,0,1,0,4,3,4,3,3,2,5,4,1,2,2,3,5,1,2,2,0,2,4,3,3,2,9,5,6,4,6,0,3,0,0,2,0,1,1,1,2,2,1,1,0,0,0,0,1,1,3,1,0,4,4,3,3,8,2,4,0,1,0,4,2,0,1,3,1,5,0,5,1,0,3,5,2,2,4,1,1,4,3,0,0,5,5,4,1,3,4,0,3,1,1,0,1,1,0,2,1,0,4,0,0,0,0,0,1,0,1,0,0,4,2,3,0,2,2,0,2,0,0,0,3,3,1,4,9,0,1,1,3,5,3,4,0,1,4,0,5,3,4,6,3,2,1,0,4,3,2,2,2,0,3,2,4,0,1,0,3,4,2,4,1,3,4,2,0,2,1,5,2,4,4,3,1,2,2,1,4,2,3,5,3,3,1,7,2,3,0,3,1,1,0,0,2,1,1,3,1,0,4,5,3,3,4,1,4,2,3,4,7,7,1,4,0,1,1,0,3,1,0,4,6,1,5,1,2,0,1,0,2,0,0,1,1,0,2,1,2,0,0,3,0,0,0,1,2,2,4
Volt,503,2,2,1,1,0,1,1,4,4,1,2,0,1,1,0,1,0,0,0,0,1,1,2,1,2,5,1,0,1,0,0,0,0,3,6,2,3,0,0,1,2,1,0,4,2,0,0,5,0,0,1,2,2,0,1,3,1,8,0,1,1,0,2,0,1,3,1,2,0,0,2,1,0,4,2,1,2,3,1,2,3,0,4,2,1,0,1,3,3,0,0,0,0,1,1,1,0,0,0,0,0,1,1,4,0,7,0,11,4,5,4,1,0,0,0,3,3,1,2,0,1,0,0,1,0,0,4,1,0,0,3,0,0,0,1,2,3,2,2,3,1,1,0,0,0,0,2,1,1,3,0,3,0,1,2,0,3,0,2,0,1,0,4,4,7,6,3,5,4,1,1,1,1,0,0,1,0,1,2,1,1,0,2,3,0,2,3,0,3,0,0,3,0,1,3,2,2,1,1,2,0,0,0,0,1,0,0,2,4,1,0,2,0,0,1,0,1,0,0,0,0,1,4,1,2,2,0,0,1,0,1,1,6,0,3,2,2,6,2,1,0,2,1,2,1,2,1,1,0,2,5,0,1,6,3,0,1,1,5,3,0,2,3,1,2,5,3,1,0,1,3,2,2,0,0,1,5,1,1,1,1,1,0,3,2,3,2,0,2,4,2,0,4,2,1,1,1,1,2,0,1,3,1,0,1,1,0,1,2,6,3,1,2,0,1,2,1,1,0,0,2,0,2,0,1,3,1,0,0,5,0,0,0,3,3,1,0,2,0,0,3,0,0,0,1,0,0,0,0,0,1,0,0,0,0,0,0,0,2,1
Sonstige,0,0,0,0,0,0,0,0,0,0,0,0,0,0,0,0,0,0,0,0,0,0,0,0,0,0,0,0,0,0,0,0,0,0,0,0,0,0,0,0,0,0,0,0,0,0,0,0,0,0,0,0,0,0,0,0,0,0,0,0,0,0,0,0,0,0,0,0,0,0,0,0,0,0,0,0,0,0,0,0,0,0,0,0,0,0,0,0,0,0,0,0,0,0,0,0,0,0,0,0,0,0,0,0,0,0,0,0,0,0,0,0,0,0,0,0,0,0,0,0,0,0,0,0,0,0,0,0,0,0,0,0,0,0,0,0,0,0,0,0,0,0,0,0,0,0,0,0,0,0,0,0,0,0,0,0,0,0,0,0,0,0,0,0,0,0,0,0,0,0,0,0,0,0,0,0,0,0,0,0,0,0,0,0,0,0,0,0,0,0,0,0,0,0,0,0,0,0,0,0,0,0,0,0,0,0,0,0,0,0,0,0,0,0,0,0,0,0,0,0,0,0,0,0,0,0,0,0,0,0,0,0,0,0,0,0,0,0,0,0,0,0,0,0,0,0,0,0,0,0,0,0,0,0,0,0,0,0,0,0,0,0,0,0,0,0,0,0,0,0,0,0,0,0,0,0,0,0,0,0,0,0,0,0,0,0,0,0,0,0,0,0,0,0,0,0,0,0,0,0,0,0,0,0,0,0,0,0,0,0,0,0,0,0,0,0,0,0,0,0,0,0,0,0,0,0,0,0,0,0,0,0,0,0,0,0,0,0,0,0,0,0,0,0,0,0,0,0,0,0,0,0,0,0,0,0,0,0,0,0,0
