id,bundesland,wahlkreis,partei,Stimmenanteil,number
1,SH,Flensburg – Schleswig,Union,34.2,12.3652133061551
2,SH,Nordfriesland – Dithmarschen Nord,Union,38.3,12.374276871793
3,SH,Steinburg – Dithmarschen Süd,Union,36.2,12.2220550344791
4,SH,Rendsburg-Eckernförde,Union,36.2,12.5346513057593
5,SH,Kiel,Union,26.8,12.0719737934414
6,SH,Plön – Neumünster,Union,33.5,12.2526314065326
7,SH,Pinneberg,Union,34.3,12.9393566518556
8,SH,Segeberg – Stormarn-Mitte,Union,34.6,12.9401417351328
9,SH,Ostholstein – Stormarn-Nord,Union,35.6,12.9719438489992
10,SH,Herzogtum Lauenburg – Stormarn-Süd,Union,34.4,12.7876386682037
11,SH,Lübeck,Union,29.5,12.8079686607234
12,MV,Schwerin – Ludwigslust-Parchim I – Nordwestmecklenburg I,Union,32.9,12.3008378653321
13,MV,Ludwigslust-Parchim II – Nordwestmecklenburg II – Landkreis Rostock I,Union,33.7,12.2198352923151
14,MV,Rostock – Landkreis Rostock II,Union,30.5,12.6841161691118
15,MV,Vorpommern-Rügen – Vorpommern-Greifswald I,Union,32.9,12.7191929279361
16,MV,Mecklenburgische Seenplatte I – Vorpommern-Greifswald II,Union,33.5,12.682448572712
17,MV,Mecklenburgische Seenplatte II – Landkreis Rostock III,Union,35.8,12.1382455178536
18,HH,Hamburg-Mitte,Union,23.5,12.088195508346
19,HH,Hamburg-Altona,Union,24.9,12.9407279863954
20,HH,Hamburg-Eimsbüttel,Union,26.9,12.0084671590012
21,HH,Hamburg-Nord,Union,31.3,12.0220969826914
22,HH,Hamburg-Wandsbek,Union,28.9,12.1795806847513
23,HH,Hamburg-Bergedorf – Harburg,Union,27.4,12.2025109608658
24,NI,Aurich – Emden,Union,28,12.4844481963664
25,NI,Unterems,Union,42.4,12.4816133130807
26,NI,Friesland – Wilhelmshaven – Wittmund,Union,32.8,12.8842027352657
27,NI,Oldenburg – Ammerland,Union,30.6,12.4642074026633
28,NI,Delmenhorst – Wesermarsch – Oldenburg-Land,Union,33.5,12.0514492178336
29,NI,Cuxhaven – Stade II,Union,38.5,12.1668209563941
30,NI,Stade I – Rotenburg II,Union,38.9,12.1678093029186
31,NI,Mittelems,Union,49.4,12.8978123194538
32,NI,Cloppenburg – Vechta,Union,53.1,12.9175742878579
33,NI,Diepholz – Nienburg I,Union,37.9,12.7781098231208
34,NI,Osterholz – Verden,Union,34.9,12.3672098310199
35,NI,Rotenburg I – Heidekreis,Union,37.7,12.9347460391
36,NI,Harburg,Union,35.9,12.0705524822697
37,NI,Lüchow-Dannenberg – Lüneburg,Union,31.3,12.6955452403054
38,NI,Osnabrück-Land,Union,40.4,12.2936524567194
39,NI,Stadt Osnabrück,Union,35.7,12.9763376708142
40,NI,Nienburg II – Schaumburg,Union,34.3,12.7815945716575
41,NI,Stadt Hannover I,Union,27.2,12.2510748987552
42,NI,Stadt Hannover II,Union,24.4,12.7960594024044
43,NI,Hannover-Land I,Union,34.8,12.7784134747926
44,NI,Celle – Uelzen,Union,36.6,12.1936209360138
45,NI,Gifhorn – Peine,Union,33.8,12.8123878359329
46,NI,Hameln-Pyrmont – Holzminden,Union,32,12.5759213506244
47,NI,Hannover-Land II,Union,31.5,12.7115993283223
48,NI,Hildesheim,Union,32.6,12.0273161293007
49,NI,Salzgitter – Wolfenbüttel,Union,29.5,12.771132040536
50,NI,Braunschweig,Union,29,12.5805630532559
51,NI,Helmstedt – Wolfsburg,Union,34.6,12.3268001405522
52,NI,Goslar – Northeim – Osterode,Union,32.1,12.9337971559726
53,NI,Göttingen,Union,30.2,12.8556012045592
54,HB,Bremen I,Union,26,12.0640966282226
55,HB,Bremen II – Bremerhaven,Union,23.9,12.2232346308883
56,BB,Prignitz – Ostprignitz-Ruppin – Havelland I,Union,29.7,12.458167277975
57,BB,Uckermark – Barnim I,Union,28.2,12.8968150590081
58,BB,Oberhavel – Havelland II,Union,28.5,12.2645087779965
59,BB,Märkisch-Oderland – Barnim II,Union,25.1,12.050931611564
60,BB,Brandenburg an der Havel – Potsdam-Mittelmark I – Havelland III – Teltow-Fläming I,Union,28.4,12.5086115847807
61,BB,Potsdam – Potsdam-Mittelmark II – Teltow-Fläming II,Union,24.3,12.7167584889103
62,BB,Dahme-Spreewald – Teltow-Fläming III – Oberspreewald-Lausitz I,Union,27,12.4393620339688
63,BB,Frankfurt (Oder) – Oder-Spree,Union,24.6,12.7499707881361
64,BB,Cottbus – Spree-Neiße,Union,24.1,12.6896784172859
65,BB,Elbe-Elster – Oberspreewald-Lausitz II,Union,27.7,12.8225891129114
66,ST,Altmark,Union,32.8,12.4596718351822
67,ST,Börde – Jerichower Land,Union,32.1,12.0632994216867
68,ST,Harz,Union,33.6,12.7294393701013
69,ST,Magdeburg,Union,27.8,12.8441108837724
70,ST,Dessau – Wittenberg,Union,31.8,12.4744951287284
71,ST,Anhalt,Union,30.7,12.2687536424492
72,ST,Halle,Union,26.5,12.654164563166
73,ST,Burgenland – Saalekreis,Union,29.9,12.2763071868103
74,ST,Mansfeld,Union,28.8,12.8877700604498
75,BE,Berlin-Mitte,Union,18.6,12.682935928693
76,BE,Berlin-Pankow,Union,19.8,12.9558847097214
77,BE,Berlin-Reinickendorf,Union,31,12.3218251070939
78,BE,Berlin-Spandau – Charlottenburg Nord,Union,28.1,12.5597653833684
79,BE,Berlin-Steglitz-Zehlendorf,Union,29.8,12.7493121880107
80,BE,Berlin-Charlottenburg-Wilmersdorf,Union,25.6,12.8726649784949
81,BE,Berlin-Tempelhof-Schöneberg,Union,25,12.1411583095323
82,BE,Berlin-Neukölln,Union,22.3,12.9997375295497
83,BE,Berlin-Friedrichshain-Kreuzberg – Prenzlauer Berg Ost,Union,13.9,12.1811351797078
84,BE,Berlin-Treptow-Köpenick,Union,20.2,12.3979127260391
85,BE,Berlin-Marzahn-Hellersdorf,Union,20.9,12.2254944762681
86,BE,Berlin-Lichtenberg,Union,18.5,12.0317375597078
87,NW,Aachen I,Union,27.8,12.9669584007934
88,NW,Aachen II,Union,30.7,12.699244201649
89,NW,Heinsberg,Union,39.5,12.4185035252012
90,NW,Düren,Union,34.9,12.7114781718701
91,NW,Rhein-Erft-Kreis I,Union,33.5,12.10245957179
92,NW,Euskirchen – Rhein-Erft-Kreis II,Union,35.7,12.5855320470873
93,NW,Köln I,Union,26.4,12.047154145781
94,NW,Köln II,Union,28.5,12.9381488917861
95,NW,Köln III,Union,24.4,12.8069351487793
96,NW,Bonn,Union,29.8,12.6403294077609
97,NW,Rhein-Sieg-Kreis I,Union,34.1,12.3083062430378
98,NW,Rhein-Sieg-Kreis II,Union,35.5,12.2517650572117
99,NW,Oberbergischer Kreis,Union,36.5,12.3258888828568
100,NW,Rheinisch-Bergischer Kreis,Union,35.6,12.0236479225568
101,NW,Leverkusen – Köln IV,Union,28.1,12.2320777345449
102,NW,Wuppertal I,Union,26.5,12.1171936434694
103,NW,Solingen – Remscheid – Wuppertal II,Union,31.6,12.351267209975
104,NW,Mettmann I,Union,34,12.1743153745774
105,NW,Mettmann II,Union,32.6,12.2310459869914
106,NW,Düsseldorf I,Union,32,12.8471917435527
107,NW,Düsseldorf II,Union,28.5,12.3364707971923
108,NW,Neuss I,Union,35.9,12.7218321510591
109,NW,Mönchengladbach,Union,35.8,12.4073597486131
110,NW,Krefeld I – Neuss II,Union,35.6,12.5540728319902
111,NW,Viersen,Union,38.1,12.8919187788852
112,NW,Kleve,Union,41.6,12.181899581803
113,NW,Wesel I,Union,33.7,12.6490785861388
114,NW,Krefeld II – Wesel II,Union,30.9,12.0859281986486
115,NW,Duisburg I,Union,25.7,12.8618482844904
116,NW,Duisburg II,Union,22.4,12.7992942314595
117,NW,Oberhausen – Wesel III,Union,26.3,12.2908925637603
118,NW,Mülheim – Essen I,Union,28.1,12.2916949472856
119,NW,Essen II,Union,23.4,12.1106060091406
120,NW,Essen III,Union,30.1,12.4240450807847
121,NW,Recklinghausen I,Union,28.6,12.9231408778578
122,NW,Recklinghausen II,Union,29.4,12.8102274595294
123,NW,Gelsenkirchen,Union,22.4,12.9762841679621
124,NW,Steinfurt I – Borken I,Union,43.9,12.7020372103434
125,NW,Bottrop – Recklinghausen III,Union,29.9,12.5535852294415
126,NW,Borken II,Union,47,12.7361313835718
127,NW,Coesfeld – Steinfurt II,Union,44,12.098715448752
128,NW,Steinfurt III,Union,37.8,12.3323924851138
129,NW,Münster,Union,32.8,12.5879019291606
130,NW,Warendorf,Union,40.3,12.4113489706069
131,NW,Gütersloh I,Union,38.4,12.7402077342849
132,NW,Bielefeld – Gütersloh II,Union,27.6,12.2151669273153
133,NW,Herford – Minden-Lübbecke II,Union,31.7,12.0524819870479
134,NW,Minden-Lübbecke I,Union,32.8,12.767351930961
135,NW,Lippe I,Union,31.2,12.728704665089
136,NW,Höxter – Gütersloh III – Lippe II,Union,39.8,12.94885424315
137,NW,Paderborn,Union,40.8,12.6703154924326
138,NW,Hagen – Ennepe-Ruhr-Kreis I,Union,28.9,12.7940334808081
139,NW,Ennepe-Ruhr-Kreis II,Union,27.3,12.4620457892306
140,NW,Bochum I,Union,25.4,12.1267799546476
141,NW,Herne – Bochum II,Union,23.4,12.1800165614113
142,NW,Dortmund I,Union,24.5,12.7961227416527
143,NW,Dortmund II,Union,24.5,12.821632404346
144,NW,Unna I,Union,27.2,12.4433625822421
145,NW,Hamm – Unna II,Union,30.3,12.9711439146195
146,NW,Soest,Union,36.3,12.2252829053905
147,NW,Hochsauerlandkreis,Union,41.7,12.4134921196382
148,NW,Siegen-Wittgenstein,Union,34,12.1784314624965
149,NW,Olpe – Märkischer Kreis I,Union,40.6,12.9497680943459
150,NW,Märkischer Kreis II,Union,34,12.1146035033744
151,SN,Nordsachsen,Union,29.4,12.6003894007299
152,SN,Leipzig I,Union,23.5,12.2065696460195
153,SN,Leipzig II,Union,21.9,12.881454963237
154,SN,Leipzig-Land,Union,30.1,12.356769367354
155,SN,Meißen,Union,26.1,12.6414569376502
156,SN,Bautzen I,Union,27.1,12.1935021663085
157,SN,Görlitz,Union,26.7,12.1482560073491
158,SN,Sächsische Schweiz-Osterzgebirge,Union,25.6,12.3188110764604
159,SN,Dresden I,Union,24.4,12.6038353110198
160,SN,Dresden II – Bautzen II,Union,23.1,12.6348457974382
161,SN,Mittelsachsen,Union,27.7,12.4399034853559
162,SN,Chemnitz,Union,24.9,12.8045178959146
163,SN,Chemnitzer Umland – Erzgebirgskreis II,Union,30.6,12.6818188149482
164,SN,Erzgebirgskreis I,Union,31,12.4386214273982
165,SN,Zwickau,Union,30.3,12.6388035088312
166,SN,Vogtlandkreis,Union,30.2,12.3917692857794
167,HE,Waldeck,Union,30,12.8894216071349
168,HE,Kassel,Union,25.2,12.4784431224689
169,HE,Werra-Meißner – Hersfeld-Rotenburg,Union,29.4,12.0259902749676
170,HE,Schwalm-Eder,Union,29.2,12.8988546528853
171,HE,Marburg,Union,30.1,12.8898792446125
172,HE,Lahn-Dill,Union,33.5,12.9056869037449
173,HE,Gießen,Union,30.1,12.64449738455
174,HE,Fulda,Union,39,12.3531349219847
175,HE,Main-Kinzig – Wetterau II – Schotten,Union,31.7,12.0270626796409
176,HE,Hochtaunus,Union,33.5,12.8801899440587
177,HE,Wetterau I,Union,32,12.0947390012443
178,HE,Rheingau-Taunus – Limburg,Union,34.6,12.3531901242677
179,HE,Wiesbaden,Union,29,12.4114936427213
180,HE,Hanau,Union,29.6,12.968264805153
181,HE,Main-Taunus,Union,34.6,12.859862778103
182,HE,Frankfurt am Main I,Union,26,12.2152804441284
183,HE,Frankfurt am Main II,Union,26.8,12.3229014738463
184,HE,Groß-Gerau,Union,30.5,12.8758870223537
185,HE,Offenbach,Union,30.6,12.9777168836445
186,HE,Darmstadt,Union,27.4,12.8230542130768
187,HE,Odenwald,Union,32.7,12.2086435088422
188,HE,Bergstraße,Union,33.2,12.6580105181783
189,TH,Eichsfeld – Nordhausen – Kyffhäuserkreis,Union,33.8,12.0387839470059
190,TH,Eisenach – Wartburgkreis – Unstrut-Hainich-Kreis,Union,30,12.0596011914313
191,TH,Jena – Sömmerda – Weimarer Land I,Union,27.4,12.4935881977435
192,TH,Gotha – Ilm-Kreis,Union,27.8,12.3022268274799
193,TH,Erfurt – Weimar – Weimarer Land II,Union,25.4,12.206781423185
194,TH,Gera – Greiz – Altenburger Land,Union,27.3,12.2713760486804
195,TH,Saalfeld-Rudolstadt – Saale-Holzland-Kreis – Saale-Orla-Kreis,Union,28.2,12.8179133916274
196,TH,Suhl – Schmalkalden-Meiningen – Hildburghausen – Sonneberg,Union,30.3,12.2503860855941
197,RP,Neuwied,Union,38.2,12.3002466962207
198,RP,Ahrweiler,Union,40.6,12.0688715514261
199,RP,Koblenz,Union,37.8,12.6788407096174
200,RP,Mosel/Rhein-Hunsrück,Union,41.6,12.5247485642321
201,RP,Kreuznach,Union,34.1,12.962204669835
202,RP,Bitburg,Union,44.5,12.7700984461699
203,RP,Trier,Union,37.3,12.2858424675651
204,RP,Montabaur,Union,37.5,12.0071634487249
205,RP,Mainz,Union,32.7,12.435654965695
206,RP,Worms,Union,32.6,12.2365696206689
207,RP,Ludwigshafen/Frankenthal,Union,30.9,12.2042167976033
208,RP,Neustadt – Speyer,Union,35.2,12.8425710862502
209,RP,Kaiserslautern,Union,29.1,12.8241466558538
210,RP,Pirmasens,Union,35.8,12.0378267338965
211,RP,Südpfalz,Union,34.8,12.8030253825709
212,BY,Altötting,Union,44,12.9915547266137
213,BY,Erding – Ebersberg,Union,39.1,12.0280215733219
214,BY,Freising,Union,39.7,12.8018568304833
215,BY,Fürstenfeldbruck,Union,39.8,12.17089932831
216,BY,Ingolstadt,Union,41.7,12.9386984247249
217,BY,München-Nord,Union,28.8,12.7571970524732
218,BY,München-Ost,Union,31.4,12.398057339713
219,BY,München-Süd,Union,29.8,12.6069273708854
220,BY,München-West/Mitte,Union,29.8,12.8409061774146
221,BY,München-Land,Union,37.3,12.2673396472819
222,BY,Rosenheim,Union,40.5,12.4018307235092
223,BY,Bad Tölz-Wolfratshausen – Miesbach,Union,41.6,12.6805621716194
224,BY,Starnberg – Landsberg am Lech,Union,38.3,12.2253736008424
225,BY,Traunstein,Union,44.6,12.4896713290364
226,BY,Weilheim,Union,42.9,12.8364701143
227,BY,Deggendorf,Union,40.6,12.2980309836566
228,BY,Landshut,Union,39.4,12.9796133749187
229,BY,Passau,Union,40.5,12.4199181476142
230,BY,Rottal-Inn,Union,42.6,12.5238952920772
231,BY,Straubing,Union,41.9,12.0991312141996
232,BY,Amberg,Union,42.6,12.5621767877601
233,BY,Regensburg,Union,37.8,12.7624546329025
234,BY,Schwandorf,Union,41.4,12.4779702688102
235,BY,Weiden,Union,43.1,12.6437005707994
236,BY,Bamberg,Union,38.9,12.8510819238145
237,BY,Bayreuth,Union,41.9,12.9945570770651
238,BY,Coburg,Union,39.6,12.1244963977952
239,BY,Hof,Union,38.8,12.937303920975
240,BY,Kulmbach,Union,43.4,12.7882791094016
241,BY,Ansbach,Union,40.4,12.2313255970366
242,BY,Erlangen,Union,35.7,12.5100865496788
243,BY,Fürth,Union,35.1,12.1674854690209
244,BY,Nürnberg-Nord,Union,27.6,12.8151717602741
245,BY,Nürnberg-Süd,Union,31.2,12.9799409166444
246,BY,Roth,Union,37.8,12.117494834587
247,BY,Aschaffenburg,Union,38.4,12.6273129093461
248,BY,Bad Kissingen,Union,44.6,12.4495746593457
249,BY,Main-Spessart,Union,41.8,12.9992939478252
250,BY,Schweinfurt,Union,41.1,12.270371821709
251,BY,Würzburg,Union,37.2,12.9252983713523
252,BY,Augsburg-Stadt,Union,31.8,12.8634924378712
253,BY,Augsburg-Land,Union,41.3,12.7969506154768
254,BY,Donau-Ries,Union,43.4,12.9836621452123
255,BY,Neu-Ulm,Union,39.9,12.2445511398837
256,BY,Oberallgäu,Union,41.5,12.8372334833257
257,BY,Ostallgäu,Union,42,12.4741393348668
258,BW,Stuttgart I,Union,28.9,12.0975396733265
259,BW,Stuttgart II,Union,29.1,12.7000947052147
260,BW,Böblingen,Union,35.4,12.1779380564112
261,BW,Esslingen,Union,33.3,12.3810381381772
262,BW,Nürtingen,Union,33.7,12.8835132843815
263,BW,Göppingen,Union,33.3,12.2759814457968
264,BW,Waiblingen,Union,33,12.3563367414754
265,BW,Ludwigsburg,Union,33.3,12.2338711929042
266,BW,Neckar-Zaber,Union,32.9,12.2526442944072
267,BW,Heilbronn,Union,32.1,12.2839345873799
268,BW,Schwäbisch Hall – Hohenlohe,Union,34.3,12.2512877173722
269,BW,Backnang – Schwäbisch Gmünd,Union,35.2,12.2300695311278
270,BW,Aalen – Heidenheim,Union,38.2,12.330486333929
271,BW,Karlsruhe-Stadt,Union,27.8,12.0629170334432
272,BW,Karlsruhe-Land,Union,35.4,12.43232423882
273,BW,Rastatt,Union,37.9,12.8319639167748
274,BW,Heidelberg,Union,29.9,12.3144686496817
275,BW,Mannheim,Union,27.1,12.7824129026849
276,BW,Odenwald – Tauber,Union,39.8,12.9160281242803
277,BW,Rhein-Neckar,Union,33.5,12.49239594955
278,BW,Bruchsal – Schwetzingen,Union,34.8,12.4314709908795
279,BW,Pforzheim,Union,32.7,12.4952405621298
280,BW,Calw,Union,37.2,12.1617223012727
281,BW,Freiburg,Union,28.1,12.7913954122923
282,BW,Lörrach – Müllheim,Union,34.4,12.6707126970869
283,BW,Emmendingen – Lahr,Union,35.9,12.9272731710225
284,BW,Offenburg,Union,37.1,12.6113523156382
285,BW,Rottweil – Tuttlingen,Union,38,12.7231395905837
286,BW,Schwarzwald-Baar,Union,37.8,12.7010976269376
287,BW,Konstanz,Union,33.2,12.9445001224522
288,BW,Waldshut,Union,39.3,12.3223912129179
289,BW,Reutlingen,Union,34.5,12.6983794246335
290,BW,Tübingen,Union,30.8,12.4153543107677
291,BW,Ulm,Union,37,12.2265445459634
292,BW,Biberach,Union,43.1,12.0353962760419
293,BW,Bodensee,Union,37.1,12.8317221226171
294,BW,Ravensburg,Union,38.9,12.6641166345216
295,BW,Zollernalb – Sigmaringen,Union,38,12.8470024149865
296,SL,Saarbrücken,Union,28.5,12.7446284233592
297,SL,Saarlouis,Union,33.6,12.6368072757032
298,SL,St. Wendel,Union,36.5,12.3452939346898
299,SL,Homburg,Union,31,12.6362277509179
1,SH,Flensburg – Schleswig,SPD,23.7,10.208469085861
2,SH,Nordfriesland – Dithmarschen Nord,SPD,22.5,10.1177747533657
3,SH,Steinburg – Dithmarschen Süd,SPD,22.7,10.7365805532318
4,SH,Rendsburg-Eckernförde,SPD,22.9,10.5267155293841
5,SH,Kiel,SPD,23.8,10.2476330357604
6,SH,Plön – Neumünster,SPD,23.8,10.6645221458748
7,SH,Pinneberg,SPD,22.9,10.9440910960548
8,SH,Segeberg – Stormarn-Mitte,SPD,22.4,10.4604050412308
9,SH,Ostholstein – Stormarn-Nord,SPD,24.6,10.5417919780593
10,SH,Herzogtum Lauenburg – Stormarn-Süd,SPD,22.3,10.2549524258357
11,SH,Lübeck,SPD,25.4,10.2316680357326
12,MV,Schwerin – Ludwigslust-Parchim I – Nordwestmecklenburg I,SPD,18.6,10.4654637100175
13,MV,Ludwigslust-Parchim II – Nordwestmecklenburg II – Landkreis Rostock I,SPD,17.2,10.5779818599112
14,MV,Rostock – Landkreis Rostock II,SPD,15.8,10.8170355705079
15,MV,Vorpommern-Rügen – Vorpommern-Greifswald I,SPD,12.2,10.9665075861849
16,MV,Mecklenburgische Seenplatte I – Vorpommern-Greifswald II,SPD,12.3,10.4372735416982
17,MV,Mecklenburgische Seenplatte II – Landkreis Rostock III,SPD,14.5,10.0313622681424
18,HH,Hamburg-Mitte,SPD,23.8,10.796003368916
19,HH,Hamburg-Altona,SPD,20.4,10.7188484570943
20,HH,Hamburg-Eimsbüttel,SPD,22.3,10.1098388666287
21,HH,Hamburg-Nord,SPD,21.4,10.2334344880655
22,HH,Hamburg-Wandsbek,SPD,26.6,10.9886059020646
23,HH,Hamburg-Bergedorf – Harburg,SPD,26.2,10.4132198155858
24,NI,Aurich – Emden,SPD,37.8,10.9614507015795
25,NI,Unterems,SPD,27.5,10.4676026625093
26,NI,Friesland – Wilhelmshaven – Wittmund,SPD,30.7,10.3799882351886
27,NI,Oldenburg – Ammerland,SPD,26.1,10.3222018913366
28,NI,Delmenhorst – Wesermarsch – Oldenburg-Land,SPD,28.2,10.9568479878362
29,NI,Cuxhaven – Stade II,SPD,27.7,10.5292384023778
30,NI,Stade I – Rotenburg II,SPD,24.5,10.235857677646
31,NI,Mittelems,SPD,23.5,10.5713939859997
32,NI,Cloppenburg – Vechta,SPD,17.8,10.9903298679274
33,NI,Diepholz – Nienburg I,SPD,25.5,10.8499009874649
34,NI,Osterholz – Verden,SPD,26.4,10.6789875312243
35,NI,Rotenburg I – Heidekreis,SPD,27.1,10.9480118646752
36,NI,Harburg,SPD,22,10.5072676977143
37,NI,Lüchow-Dannenberg – Lüneburg,SPD,23.5,10.8279839847237
38,NI,Osnabrück-Land,SPD,25.7,10.9245310428087
39,NI,Stadt Osnabrück,SPD,24.7,10.4936108423863
40,NI,Nienburg II – Schaumburg,SPD,29.7,10.9439942201134
41,NI,Stadt Hannover I,SPD,27.4,10.7689605350606
42,NI,Stadt Hannover II,SPD,25.6,10.6633710188325
43,NI,Hannover-Land I,SPD,27,10.8109925191384
44,NI,Celle – Uelzen,SPD,25.4,10.7996721565723
45,NI,Gifhorn – Peine,SPD,30.1,10.3003517172765
46,NI,Hameln-Pyrmont – Holzminden,SPD,31.9,10.9641954472754
47,NI,Hannover-Land II,SPD,29.5,10.124228945002
48,NI,Hildesheim,SPD,30.9,10.8572765977588
49,NI,Salzgitter – Wolfenbüttel,SPD,32.4,10.1623771733139
50,NI,Braunschweig,SPD,26.4,10.9133766815066
51,NI,Helmstedt – Wolfsburg,SPD,30,10.0984789875802
52,NI,Goslar – Northeim – Osterode,SPD,32.1,10.4651878606528
53,NI,Göttingen,SPD,28.3,10.8219974983949
54,HB,Bremen I,SPD,24.5,10.6007501282729
55,HB,Bremen II – Bremerhaven,SPD,29.6,10.9051326606423
56,BB,Prignitz – Ostprignitz-Ruppin – Havelland I,SPD,21,10.4905864538159
57,BB,Uckermark – Barnim I,SPD,16.9,10.3934148489498
58,BB,Oberhavel – Havelland II,SPD,18.5,10.6133734702598
59,BB,Märkisch-Oderland – Barnim II,SPD,15.4,10.2703742941376
60,BB,Brandenburg an der Havel – Potsdam-Mittelmark I – Havelland III – Teltow-Fläming I,SPD,20.3,10.4157519149594
61,BB,Potsdam – Potsdam-Mittelmark II – Teltow-Fläming II,SPD,18.5,10.253994096769
62,BB,Dahme-Spreewald – Teltow-Fläming III – Oberspreewald-Lausitz I,SPD,17.6,10.1033918429166
63,BB,Frankfurt (Oder) – Oder-Spree,SPD,16.5,10.973190614488
64,BB,Cottbus – Spree-Neiße,SPD,15.2,10.6268609012477
65,BB,Elbe-Elster – Oberspreewald-Lausitz II,SPD,15.4,10.7489081961103
66,ST,Altmark,SPD,17,10.4973938933108
67,ST,Börde – Jerichower Land,SPD,16.2,10.907391465269
68,ST,Harz,SPD,16.2,10.5283316809218
69,ST,Magdeburg,SPD,17.1,10.5351425658446
70,ST,Dessau – Wittenberg,SPD,14.3,10.9961669915356
71,ST,Anhalt,SPD,13.9,10.95802893769
72,ST,Halle,SPD,14.1,10.95343377674
73,ST,Burgenland – Saalekreis,SPD,13.2,10.6739836053457
74,ST,Mansfeld,SPD,14.4,10.2907682640944
75,BE,Berlin-Mitte,SPD,17.9,10.0701838135719
76,BE,Berlin-Pankow,SPD,15.6,10.043034162838
77,BE,Berlin-Reinickendorf,SPD,20,10.8192015250679
78,BE,Berlin-Spandau – Charlottenburg Nord,SPD,22.7,10.0941303423606
79,BE,Berlin-Steglitz-Zehlendorf,SPD,19.2,10.2035349644721
80,BE,Berlin-Charlottenburg-Wilmersdorf,SPD,19.4,10.0670265126973
81,BE,Berlin-Tempelhof-Schöneberg,SPD,20.2,10.1928537653293
82,BE,Berlin-Neukölln,SPD,19.5,10.7822634153999
83,BE,Berlin-Friedrichshain-Kreuzberg – Prenzlauer Berg Ost,SPD,15.9,10.5698365764692
84,BE,Berlin-Treptow-Köpenick,SPD,15.5,10.7135496207047
85,BE,Berlin-Marzahn-Hellersdorf,SPD,14.5,10.1663350847084
86,BE,Berlin-Lichtenberg,SPD,14.9,10.0499813617207
87,NW,Aachen I,SPD,24.8,10.7431032124441
88,NW,Aachen II,SPD,35.3,10.1437018450815
89,NW,Heinsberg,SPD,25.9,10.5946766668931
90,NW,Düren,SPD,29.2,10.2522480043117
91,NW,Rhein-Erft-Kreis I,SPD,26.3,10.2741042040288
92,NW,Euskirchen – Rhein-Erft-Kreis II,SPD,23.4,10.7169932560064
93,NW,Köln I,SPD,24.3,10.8390278159641
94,NW,Köln II,SPD,19.5,10.6637239442207
95,NW,Köln III,SPD,24.6,10.214829824632
96,NW,Bonn,SPD,20.2,10.0084145453293
97,NW,Rhein-Sieg-Kreis I,SPD,22.4,10.2445115062874
98,NW,Rhein-Sieg-Kreis II,SPD,20,10.0297263925895
99,NW,Oberbergischer Kreis,SPD,22.6,10.9086186236236
100,NW,Rheinisch-Bergischer Kreis,SPD,21,10.932441707002
101,NW,Leverkusen – Köln IV,SPD,27.1,10.642547225114
102,NW,Wuppertal I,SPD,26,10.4756957492791
103,NW,Solingen – Remscheid – Wuppertal II,SPD,25.1,10.4323962521739
104,NW,Mettmann I,SPD,23,10.5166176164057
105,NW,Mettmann II,SPD,24.5,10.8100372236222
106,NW,Düsseldorf I,SPD,19.5,10.2968797739595
107,NW,Düsseldorf II,SPD,23.3,10.5443321920466
108,NW,Neuss I,SPD,23.6,10.4677549742628
109,NW,Mönchengladbach,SPD,23.3,10.6940711596981
110,NW,Krefeld I – Neuss II,SPD,22.1,10.0449729706161
111,NW,Viersen,SPD,22.3,10.0775167925749
112,NW,Kleve,SPD,23.5,10.2103816273157
113,NW,Wesel I,SPD,28.7,10.6847742660902
114,NW,Krefeld II – Wesel II,SPD,27.7,10.4670598646626
115,NW,Duisburg I,SPD,31.7,10.7361230400857
116,NW,Duisburg II,SPD,34.1,10.1336691321339
117,NW,Oberhausen – Wesel III,SPD,33,10.6072985327337
118,NW,Mülheim – Essen I,SPD,29.5,10.7994175283238
119,NW,Essen II,SPD,31.8,10.8449842815753
120,NW,Essen III,SPD,24.7,10.1015399384778
121,NW,Recklinghausen I,SPD,31.6,10.9262017204892
122,NW,Recklinghausen II,SPD,31.7,10.3049942045473
123,NW,Gelsenkirchen,SPD,33.5,10.0866017569788
124,NW,Steinfurt I – Borken I,SPD,23.1,10.6449409821071
125,NW,Bottrop – Recklinghausen III,SPD,31.2,10.8408156523947
126,NW,Borken II,SPD,21.5,10.6580461554695
127,NW,Coesfeld – Steinfurt II,SPD,21,10.3546838343609
128,NW,Steinfurt III,SPD,27.6,10.8989859295543
129,NW,Münster,SPD,20.9,10.0896725566126
130,NW,Warendorf,SPD,24,10.7041046319064
131,NW,Gütersloh I,SPD,22.9,10.7023145889398
132,NW,Bielefeld – Gütersloh II,SPD,25.4,10.2943537761457
133,NW,Herford – Minden-Lübbecke II,SPD,28.7,10.6266280575655
134,NW,Minden-Lübbecke I,SPD,29.4,10.7524869565386
135,NW,Lippe I,SPD,27.6,10.9066567702685
136,NW,Höxter – Gütersloh III – Lippe II,SPD,23.5,10.768328191014
137,NW,Paderborn,SPD,18.7,10.8020806936547
138,NW,Hagen – Ennepe-Ruhr-Kreis I,SPD,29.3,10.9053759868257
139,NW,Ennepe-Ruhr-Kreis II,SPD,29.9,10.7845745161176
140,NW,Bochum I,SPD,29.7,10.3158799910452
141,NW,Herne – Bochum II,SPD,34.2,10.8130462002009
142,NW,Dortmund I,SPD,30,10.2284358544275
143,NW,Dortmund II,SPD,32.7,10.5778509811498
144,NW,Unna I,SPD,33.6,10.847479473101
145,NW,Hamm – Unna II,SPD,31.5,10.4327495554462
146,NW,Soest,SPD,25,10.3423546378035
147,NW,Hochsauerlandkreis,SPD,22.8,10.17028654553
148,NW,Siegen-Wittgenstein,SPD,26.4,10.5395149965771
149,NW,Olpe – Märkischer Kreis I,SPD,23.3,10.3845098828897
150,NW,Märkischer Kreis II,SPD,25.8,10.7044154957402
151,SN,Nordsachsen,SPD,12.5,10.2586610002909
152,SN,Leipzig I,SPD,12.9,10.184659073595
153,SN,Leipzig II,SPD,13.1,10.7137528229505
154,SN,Leipzig-Land,SPD,11.4,10.7375405954663
155,SN,Meißen,SPD,8.7,10.0475476454012
156,SN,Bautzen I,SPD,9.1,10.1450071672443
157,SN,Görlitz,SPD,9.3,10.1481040504295
158,SN,Sächsische Schweiz-Osterzgebirge,SPD,7.8,10.5082454087678
159,SN,Dresden I,SPD,10.6,10.788399938494
160,SN,Dresden II – Bautzen II,SPD,9.7,10.0094591951929
161,SN,Mittelsachsen,SPD,9.7,10.1582102263346
162,SN,Chemnitz,SPD,11.9,10.1130108372308
163,SN,Chemnitzer Umland – Erzgebirgskreis II,SPD,10.6,10.2641676203348
164,SN,Erzgebirgskreis I,SPD,9.4,10.4155173015315
165,SN,Zwickau,SPD,10.8,10.110392059898
166,SN,Vogtlandkreis,SPD,11.4,10.9495301584247
167,HE,Waldeck,SPD,30.9,10.8136318565812
168,HE,Kassel,SPD,28.3,10.2580387785565
169,HE,Werra-Meißner – Hersfeld-Rotenburg,SPD,32.6,10.0871510908473
170,HE,Schwalm-Eder,SPD,31.4,10.8863636231981
171,HE,Marburg,SPD,26.4,10.4450993111823
172,HE,Lahn-Dill,SPD,24.7,10.7174316754099
173,HE,Gießen,SPD,23.9,10.98322011251
174,HE,Fulda,SPD,18.1,10.9300323647913
175,HE,Main-Kinzig – Wetterau II – Schotten,SPD,23.6,10.8363488926552
176,HE,Hochtaunus,SPD,20,10.9586937727872
177,HE,Wetterau I,SPD,22.7,10.6469656615518
178,HE,Rheingau-Taunus – Limburg,SPD,20.7,10.1129502260592
179,HE,Wiesbaden,SPD,21.2,10.2609016012866
180,HE,Hanau,SPD,23.5,10.9186177982483
181,HE,Main-Taunus,SPD,18.1,10.5362216664944
182,HE,Frankfurt am Main I,SPD,20.8,10.1135345872026
183,HE,Frankfurt am Main II,SPD,19.6,10.4598383191042
184,HE,Groß-Gerau,SPD,25.4,10.2758094368037
185,HE,Offenbach,SPD,21.4,10.2955855370965
186,HE,Darmstadt,SPD,22.4,10.1139223943464
187,HE,Odenwald,SPD,23.3,10.0841979708057
188,HE,Bergstraße,SPD,22.3,10.7111339687835
189,TH,Eichsfeld – Nordhausen – Kyffhäuserkreis,SPD,13.9,10.9469943395816
190,TH,Eisenach – Wartburgkreis – Unstrut-Hainich-Kreis,SPD,14.4,10.7143959330861
191,TH,Jena – Sömmerda – Weimarer Land I,SPD,12.5,10.5643516958226
192,TH,Gotha – Ilm-Kreis,SPD,14,10.0482215234078
193,TH,Erfurt – Weimar – Weimarer Land II,SPD,14.2,10.8295922821853
194,TH,Gera – Greiz – Altenburger Land,SPD,11.4,10.3735659909435
195,TH,Saalfeld-Rudolstadt – Saale-Holzland-Kreis – Saale-Orla-Kreis,SPD,12,10.6451485331636
196,TH,Suhl – Schmalkalden-Meiningen – Hildburghausen – Sonneberg,SPD,13.6,10.4354743394069
197,RP,Neuwied,SPD,25.4,10.0410850166809
198,RP,Ahrweiler,SPD,22.7,10.3609339636751
199,RP,Koblenz,SPD,23.8,10.6010534381494
200,RP,Mosel/Rhein-Hunsrück,SPD,23,10.7225990733132
201,RP,Kreuznach,SPD,27.4,10.808161284076
202,RP,Bitburg,SPD,21.8,10.3269643790554
203,RP,Trier,SPD,24.7,10.8673355979845
204,RP,Montabaur,SPD,24.7,10.9806848110165
205,RP,Mainz,SPD,22,10.9570956965908
206,RP,Worms,SPD,25.3,10.2378017858136
207,RP,Ludwigshafen/Frankenthal,SPD,25,10.9009641220327
208,RP,Neustadt – Speyer,SPD,21.7,10.5135857367422
209,RP,Kaiserslautern,SPD,28.3,10.7987136675511
210,RP,Pirmasens,SPD,24.7,10.9524614813272
211,RP,Südpfalz,SPD,21.9,10.5822047463153
212,BY,Altötting,SPD,12.3,10.1595555820968
213,BY,Erding – Ebersberg,SPD,12.3,10.9826595950872
214,BY,Freising,SPD,12.4,10.8382770095486
215,BY,Fürstenfeldbruck,SPD,13.7,10.6003225552849
216,BY,Ingolstadt,SPD,13.4,10.0566408715677
217,BY,München-Nord,SPD,16.7,10.5754069678951
218,BY,München-Ost,SPD,16,10.2653361549601
219,BY,München-Süd,SPD,16.2,10.03019462456
220,BY,München-West/Mitte,SPD,15.9,10.8299730599392
221,BY,München-Land,SPD,14,10.2880924756173
222,BY,Rosenheim,SPD,11.3,10.4791013414506
223,BY,Bad Tölz-Wolfratshausen – Miesbach,SPD,11,10.1074406008702
224,BY,Starnberg – Landsberg am Lech,SPD,12.7,10.7306586853229
225,BY,Traunstein,SPD,11.9,10.8239136652555
226,BY,Weilheim,SPD,11.5,10.6376777784899
227,BY,Deggendorf,SPD,14.2,10.6158762562554
228,BY,Landshut,SPD,13.1,10.3481202325784
229,BY,Passau,SPD,15.1,10.6473371980246
230,BY,Rottal-Inn,SPD,12.8,10.5114566248376
231,BY,Straubing,SPD,13.7,10.3731236278545
232,BY,Amberg,SPD,15.5,10.3355173957534
233,BY,Regensburg,SPD,14.5,10.3949420964345
234,BY,Schwandorf,SPD,16.1,10.4622207512148
235,BY,Weiden,SPD,19,10.6034894275945
236,BY,Bamberg,SPD,15.6,10.6571058349218
237,BY,Bayreuth,SPD,18.3,10.5544463829137
238,BY,Coburg,SPD,22.6,10.0627570948564
239,BY,Hof,SPD,22.1,10.8891027385835
240,BY,Kulmbach,SPD,17.7,10.2585284789093
241,BY,Ansbach,SPD,17.1,10.9385136025958
242,BY,Erlangen,SPD,17.3,10.6713959844783
243,BY,Fürth,SPD,18.9,10.0747716461774
244,BY,Nürnberg-Nord,SPD,18.2,10.715243234532
245,BY,Nürnberg-Süd,SPD,21,10.0189426937141
246,BY,Roth,SPD,18.4,10.4066535106394
247,BY,Aschaffenburg,SPD,17.6,10.5639478522353
248,BY,Bad Kissingen,SPD,15.8,10.458083653124
249,BY,Main-Spessart,SPD,18.5,10.0116140006576
250,BY,Schweinfurt,SPD,16.9,10.9192194815259
251,BY,Würzburg,SPD,17.7,10.3496464567725
252,BY,Augsburg-Stadt,SPD,15.9,10.1738256884273
253,BY,Augsburg-Land,SPD,12.8,10.2524670390412
254,BY,Donau-Ries,SPD,13.8,10.268998041749
255,BY,Neu-Ulm,SPD,13.7,10.1694960389286
256,BY,Oberallgäu,SPD,12.4,10.431012067711
257,BY,Ostallgäu,SPD,12.1,10.2465072358027
258,BW,Stuttgart I,SPD,14.6,10.1120348863769
259,BW,Stuttgart II,SPD,17,10.1830326600466
260,BW,Böblingen,SPD,15.5,10.7567367879674
261,BW,Esslingen,SPD,16.8,10.3860334963538
262,BW,Nürtingen,SPD,15.1,10.6313932680059
263,BW,Göppingen,SPD,17.6,10.0814378934447
264,BW,Waiblingen,SPD,15.9,10.9322740505449
265,BW,Ludwigsburg,SPD,16.4,10.5203667241149
266,BW,Neckar-Zaber,SPD,16.5,10.7021957826801
267,BW,Heilbronn,SPD,17.7,10.0209567211568
268,BW,Schwäbisch Hall – Hohenlohe,SPD,16.2,10.6129188549239
269,BW,Backnang – Schwäbisch Gmünd,SPD,16.5,10.6730868874583
270,BW,Aalen – Heidenheim,SPD,18.6,10.6132265741471
271,BW,Karlsruhe-Stadt,SPD,16.8,10.057858328335
272,BW,Karlsruhe-Land,SPD,17.1,10.1410867650993
273,BW,Rastatt,SPD,17,10.1802157545462
274,BW,Heidelberg,SPD,18.4,10.3467364727985
275,BW,Mannheim,SPD,21.2,10.9510114078876
276,BW,Odenwald – Tauber,SPD,16.9,10.8543792269193
277,BW,Rhein-Neckar,SPD,18.4,10.7322809370235
278,BW,Bruchsal – Schwetzingen,SPD,17.4,10.6878145732917
279,BW,Pforzheim,SPD,16.3,10.5792158877011
280,BW,Calw,SPD,14.4,10.356903660344
281,BW,Freiburg,SPD,17.5,10.5065298120026
282,BW,Lörrach – Müllheim,SPD,17.8,10.2609149755444
283,BW,Emmendingen – Lahr,SPD,17.9,10.0780728156678
284,BW,Offenburg,SPD,16.5,10.6556856604293
285,BW,Rottweil – Tuttlingen,SPD,14.6,10.6455684683751
286,BW,Schwarzwald-Baar,SPD,15.6,10.8594206264243
287,BW,Konstanz,SPD,15.6,10.7073925649747
288,BW,Waldshut,SPD,16.4,10.870038660476
289,BW,Reutlingen,SPD,14.9,10.1469208574854
290,BW,Tübingen,SPD,15.7,10.0383469087537
291,BW,Ulm,SPD,15.9,10.2787147131748
292,BW,Biberach,SPD,12.7,10.6508181944955
293,BW,Bodensee,SPD,14.2,10.4314611970913
294,BW,Ravensburg,SPD,13.4,10.9843814035412
295,BW,Zollernalb – Sigmaringen,SPD,14.1,10.2225662239362
296,SL,Saarbrücken,SPD,26.4,10.0244095015805
297,SL,Saarlouis,SPD,27,10.7962579554878
298,SL,St. Wendel,SPD,27.7,10.5757780831773
299,SL,Homburg,SPD,27.7,10.9200839437544
1,SH,Flensburg – Schleswig,FDP,11.1,6.49456520332024
2,SH,Nordfriesland – Dithmarschen Nord,FDP,13.1,6.15388795942999
3,SH,Steinburg – Dithmarschen Süd,FDP,13.2,6.73743749712594
4,SH,Rendsburg-Eckernförde,FDP,12.2,6.42277332837693
5,SH,Kiel,FDP,11.7,6.63312666327693
6,SH,Plön – Neumünster,FDP,12.6,6.48725577024743
7,SH,Pinneberg,FDP,13.3,6.71537472843193
8,SH,Segeberg – Stormarn-Mitte,FDP,13.6,6.54963127942756
9,SH,Ostholstein – Stormarn-Nord,FDP,13.2,6.51456518983468
10,SH,Herzogtum Lauenburg – Stormarn-Süd,FDP,13.6,6.91486217617057
11,SH,Lübeck,FDP,10.9,6.87123606284149
12,MV,Schwerin – Ludwigslust-Parchim I – Nordwestmecklenburg I,FDP,6.4,6.35429399437271
13,MV,Ludwigslust-Parchim II – Nordwestmecklenburg II – Landkreis Rostock I,FDP,6.2,6.47810513945296
14,MV,Rostock – Landkreis Rostock II,FDP,6.6,6.47180183813907
15,MV,Vorpommern-Rügen – Vorpommern-Greifswald I,FDP,6.9,6.62006979831494
16,MV,Mecklenburgische Seenplatte I – Vorpommern-Greifswald II,FDP,5.6,6.86399331176654
17,MV,Mecklenburgische Seenplatte II – Landkreis Rostock III,FDP,5.8,6.52396413846873
18,HH,Hamburg-Mitte,FDP,9.3,6.1317241594661
19,HH,Hamburg-Altona,FDP,11.2,6.00816014641896
20,HH,Hamburg-Eimsbüttel,FDP,11.3,6.02035257639363
21,HH,Hamburg-Nord,FDP,13.9,6.79850490298122
22,HH,Hamburg-Wandsbek,FDP,10.3,6.22715269448236
23,HH,Hamburg-Bergedorf – Harburg,FDP,8.6,6.52670551254414
24,NI,Aurich – Emden,FDP,7.1,6.85461490624584
25,NI,Unterems,FDP,7.8,6.6760608155746
26,NI,Friesland – Wilhelmshaven – Wittmund,FDP,9.4,6.5025191004388
27,NI,Oldenburg – Ammerland,FDP,10.4,6.81783238518983
28,NI,Delmenhorst – Wesermarsch – Oldenburg-Land,FDP,10.1,6.05829525063746
29,NI,Cuxhaven – Stade II,FDP,8.2,6.93325230851769
30,NI,Stade I – Rotenburg II,FDP,9.6,6.84984084800817
31,NI,Mittelems,FDP,9,6.37135387584567
32,NI,Cloppenburg – Vechta,FDP,9.4,6.27838971465826
33,NI,Diepholz – Nienburg I,FDP,10.5,6.07313349237666
34,NI,Osterholz – Verden,FDP,8.9,6.72966505843215
35,NI,Rotenburg I – Heidekreis,FDP,8.5,6.86199802393094
36,NI,Harburg,FDP,11.7,6.83436266891658
37,NI,Lüchow-Dannenberg – Lüneburg,FDP,9.2,6.79936871188693
38,NI,Osnabrück-Land,FDP,9.7,6.7907707602717
39,NI,Stadt Osnabrück,FDP,9.5,6.81353286933154
40,NI,Nienburg II – Schaumburg,FDP,8.5,6.49239377351478
41,NI,Stadt Hannover I,FDP,10.2,6.49244939000346
42,NI,Stadt Hannover II,FDP,9.9,6.21678184671327
43,NI,Hannover-Land I,FDP,10.5,6.97540736570954
44,NI,Celle – Uelzen,FDP,10.1,6.32343688979745
45,NI,Gifhorn – Peine,FDP,8.4,6.23045190493576
46,NI,Hameln-Pyrmont – Holzminden,FDP,9,6.66725647449493
47,NI,Hannover-Land II,FDP,9.6,6.5778452695813
48,NI,Hildesheim,FDP,8.2,6.37027586181648
49,NI,Salzgitter – Wolfenbüttel,FDP,8,6.37375631625764
50,NI,Braunschweig,FDP,10,6.56636456912383
51,NI,Helmstedt – Wolfsburg,FDP,8.1,6.11410294566303
52,NI,Goslar – Northeim – Osterode,FDP,9.2,6.65817636577412
53,NI,Göttingen,FDP,9.1,6.76167265302502
54,HB,Bremen I,FDP,10.3,6.89708446199074
55,HB,Bremen II – Bremerhaven,FDP,8.2,6.3146130265668
56,BB,Prignitz – Ostprignitz-Ruppin – Havelland I,FDP,5.5,6.48653680738062
57,BB,Uckermark – Barnim I,FDP,5.5,6.39210277050734
58,BB,Oberhavel – Havelland II,FDP,7.6,6.02569186245091
59,BB,Märkisch-Oderland – Barnim II,FDP,6.6,6.10969188110903
60,BB,Brandenburg an der Havel – Potsdam-Mittelmark I – Havelland III – Teltow-Fläming I,FDP,6.7,6.89727189438418
61,BB,Potsdam – Potsdam-Mittelmark II – Teltow-Fläming II,FDP,9.2,6.03988069458865
62,BB,Dahme-Spreewald – Teltow-Fläming III – Oberspreewald-Lausitz I,FDP,7.4,6.52506198547781
63,BB,Frankfurt (Oder) – Oder-Spree,FDP,6.7,6.83061153697781
64,BB,Cottbus – Spree-Neiße,FDP,7.6,6.74103148560971
65,BB,Elbe-Elster – Oberspreewald-Lausitz II,FDP,6.7,6.73758663726039
66,ST,Altmark,FDP,7.1,6.69142011553049
67,ST,Börde – Jerichower Land,FDP,7.7,6.52766835084185
68,ST,Harz,FDP,7,6.55992514360696
69,ST,Magdeburg,FDP,7.9,6.47446684259921
70,ST,Dessau – Wittenberg,FDP,7.3,6.30505504342727
71,ST,Anhalt,FDP,7.5,6.0269295363687
72,ST,Halle,FDP,9,6.15219221636653
73,ST,Burgenland – Saalekreis,FDP,7.8,6.82102883956395
74,ST,Mansfeld,FDP,8.1,6.75804909062572
75,BE,Berlin-Mitte,FDP,8.7,6.32733107963577
76,BE,Berlin-Pankow,FDP,6.6,6.11764254234731
77,BE,Berlin-Reinickendorf,FDP,11.4,6.89805402327329
78,BE,Berlin-Spandau – Charlottenburg Nord,FDP,9.9,6.25608631363139
79,BE,Berlin-Steglitz-Zehlendorf,FDP,14.2,6.78936493396759
80,BE,Berlin-Charlottenburg-Wilmersdorf,FDP,14.9,6.56873321300372
81,BE,Berlin-Tempelhof-Schöneberg,FDP,10.4,6.23834882443771
82,BE,Berlin-Neukölln,FDP,7.7,6.39670537039638
83,BE,Berlin-Friedrichshain-Kreuzberg – Prenzlauer Berg Ost,FDP,5.9,6.76004931260832
84,BE,Berlin-Treptow-Köpenick,FDP,6.5,6.78345668315887
85,BE,Berlin-Marzahn-Hellersdorf,FDP,5.3,6.8773661875166
86,BE,Berlin-Lichtenberg,FDP,5.3,6.39228917774744
87,NW,Aachen I,FDP,14.2,6.33709659590386
88,NW,Aachen II,FDP,11.2,6.49151757988147
89,NW,Heinsberg,FDP,11.4,6.81354188336991
90,NW,Düren,FDP,11.4,6.78029966307804
91,NW,Rhein-Erft-Kreis I,FDP,14.4,6.87037988356315
92,NW,Euskirchen – Rhein-Erft-Kreis II,FDP,14.7,6.01012499281205
93,NW,Köln I,FDP,13,6.38367791683413
94,NW,Köln II,FDP,17.1,6.54148434870876
95,NW,Köln III,FDP,11.3,6.35388218564913
96,NW,Bonn,FDP,15.7,6.58413005387411
97,NW,Rhein-Sieg-Kreis I,FDP,14.9,6.28817039681599
98,NW,Rhein-Sieg-Kreis II,FDP,17.4,6.14105799607933
99,NW,Oberbergischer Kreis,FDP,13.8,6.10257545229979
100,NW,Rheinisch-Bergischer Kreis,FDP,16.7,6.40114992670715
101,NW,Leverkusen – Köln IV,FDP,12.2,6.72879722435027
102,NW,Wuppertal I,FDP,12.4,6.8940191292204
103,NW,Solingen – Remscheid – Wuppertal II,FDP,14.1,6.68969363463111
104,NW,Mettmann I,FDP,16.2,6.84866301878355
105,NW,Mettmann II,FDP,15.8,6.68688477273099
106,NW,Düsseldorf I,FDP,19.7,6.85982129513286
107,NW,Düsseldorf II,FDP,14.9,6.72733500273898
108,NW,Neuss I,FDP,14.9,6.74739605933428
109,NW,Mönchengladbach,FDP,13.7,6.22250473825261
110,NW,Krefeld I – Neuss II,FDP,17.4,6.26063578459434
111,NW,Viersen,FDP,16,6.40978459315374
112,NW,Kleve,FDP,13.5,6.0396560174413
113,NW,Wesel I,FDP,12.4,6.83172986609861
114,NW,Krefeld II – Wesel II,FDP,13.6,6.05023850756697
115,NW,Duisburg I,FDP,10.4,6.44543622853234
116,NW,Duisburg II,FDP,8.2,6.21337237930857
117,NW,Oberhausen – Wesel III,FDP,10,6.11397209088318
118,NW,Mülheim – Essen I,FDP,12.9,6.07286734087393
119,NW,Essen II,FDP,9.7,6.78609853144735
120,NW,Essen III,FDP,15.1,6.18741899472661
121,NW,Recklinghausen I,FDP,10.3,6.09363273298368
122,NW,Recklinghausen II,FDP,10.6,6.8767713913694
123,NW,Gelsenkirchen,FDP,9.2,6.55010465625674
124,NW,Steinfurt I – Borken I,FDP,12.6,6.91966858319938
125,NW,Bottrop – Recklinghausen III,FDP,10.5,6.85947945620865
126,NW,Borken II,FDP,13.1,6.62553951214068
127,NW,Coesfeld – Steinfurt II,FDP,13.6,6.88338447408751
128,NW,Steinfurt III,FDP,11.4,6.73075017868541
129,NW,Münster,FDP,13.5,6.79685849882662
130,NW,Warendorf,FDP,13.1,6.69113117782399
131,NW,Gütersloh I,FDP,13.1,6.30054743378423
132,NW,Bielefeld – Gütersloh II,FDP,11.6,6.14962125685997
133,NW,Herford – Minden-Lübbecke II,FDP,11.5,6.82184869237244
134,NW,Minden-Lübbecke I,FDP,11.3,6.13858082611114
135,NW,Lippe I,FDP,12.4,6.91342759202234
136,NW,Höxter – Gütersloh III – Lippe II,FDP,12.6,6.11018951586448
137,NW,Paderborn,FDP,13.4,6.37406315025873
138,NW,Hagen – Ennepe-Ruhr-Kreis I,FDP,12.6,6.57271322910674
139,NW,Ennepe-Ruhr-Kreis II,FDP,12.7,6.25521812401712
140,NW,Bochum I,FDP,11.2,6.55327150924131
141,NW,Herne – Bochum II,FDP,9.1,6.43982186424546
142,NW,Dortmund I,FDP,11.1,6.76657041208819
143,NW,Dortmund II,FDP,10.8,6.1972566449549
144,NW,Unna I,FDP,11.5,6.11781297577545
145,NW,Hamm – Unna II,FDP,10.4,6.29783977847546
146,NW,Soest,FDP,13.5,6.32758490904234
147,NW,Hochsauerlandkreis,FDP,14.3,6.59559098747559
148,NW,Siegen-Wittgenstein,FDP,11.9,6.88667151308618
149,NW,Olpe – Märkischer Kreis I,FDP,13.7,6.45763106876984
150,NW,Märkischer Kreis II,FDP,13.4,6.3432748564519
151,SN,Nordsachsen,FDP,7.9,6.39035623753443
152,SN,Leipzig I,FDP,8.5,6.51646723155864
153,SN,Leipzig II,FDP,8.6,6.05843510502018
154,SN,Leipzig-Land,FDP,8.1,6.93368000374176
155,SN,Meißen,FDP,8.7,6.83384484983981
156,SN,Bautzen I,FDP,7.6,6.76254921918735
157,SN,Görlitz,FDP,7,6.05891471891664
158,SN,Sächsische Schweiz-Osterzgebirge,FDP,8.3,6.41593325627036
159,SN,Dresden I,FDP,10.3,6.1668485396076
160,SN,Dresden II – Bautzen II,FDP,9.6,6.75152479927056
161,SN,Mittelsachsen,FDP,7.9,6.02148136938922
162,SN,Chemnitz,FDP,8.4,6.60413520247675
163,SN,Chemnitzer Umland – Erzgebirgskreis II,FDP,7.7,6.45829798583873
164,SN,Erzgebirgskreis I,FDP,7.4,6.02572367643006
165,SN,Zwickau,FDP,7.6,6.68364838277921
166,SN,Vogtlandkreis,FDP,7.2,6.64117941423319
167,HE,Waldeck,FDP,9.9,6.91362087754533
168,HE,Kassel,FDP,9.1,6.83733128500171
169,HE,Werra-Meißner – Hersfeld-Rotenburg,FDP,8.5,6.79868949879892
170,HE,Schwalm-Eder,FDP,9.2,6.35275801108219
171,HE,Marburg,FDP,8.7,6.21406976762228
172,HE,Lahn-Dill,FDP,9.7,6.95669083250687
173,HE,Gießen,FDP,10.3,6.40985518763773
174,HE,Fulda,FDP,10.8,6.69216160895303
175,HE,Main-Kinzig – Wetterau II – Schotten,FDP,10.4,6.60993242426775
176,HE,Hochtaunus,FDP,15,6.58059075265191
177,HE,Wetterau I,FDP,12.7,6.06973025295883
178,HE,Rheingau-Taunus – Limburg,FDP,13.2,6.92006819881499
179,HE,Wiesbaden,FDP,13.3,6.65299777663313
180,HE,Hanau,FDP,11.5,6.89446392375976
181,HE,Main-Taunus,FDP,16.7,6.54143641330302
182,HE,Frankfurt am Main I,FDP,14,6.71858134726062
183,HE,Frankfurt am Main II,FDP,14.3,6.71921015740372
184,HE,Groß-Gerau,FDP,9.6,6.2052928567864
185,HE,Offenbach,FDP,12.6,6.23706368310377
186,HE,Darmstadt,FDP,11,6.37493845028803
187,HE,Odenwald,FDP,10.9,6.5494834817946
188,HE,Bergstraße,FDP,11.8,6.07465360686183
189,TH,Eichsfeld – Nordhausen – Kyffhäuserkreis,FDP,7.7,6.40413566026837
190,TH,Eisenach – Wartburgkreis – Unstrut-Hainich-Kreis,FDP,7.2,6.60936587559991
191,TH,Jena – Sömmerda – Weimarer Land I,FDP,8.7,6.69313783687539
192,TH,Gotha – Ilm-Kreis,FDP,7.7,6.46310406108387
193,TH,Erfurt – Weimar – Weimarer Land II,FDP,8.6,6.47016876842827
194,TH,Gera – Greiz – Altenburger Land,FDP,8.2,6.87206760118715
195,TH,Saalfeld-Rudolstadt – Saale-Holzland-Kreis – Saale-Orla-Kreis,FDP,7.8,6.95453625521623
196,TH,Suhl – Schmalkalden-Meiningen – Hildburghausen – Sonneberg,FDP,6.7,6.83763350220397
197,RP,Neuwied,FDP,10.1,6.86713386676274
198,RP,Ahrweiler,FDP,11.6,6.89598741498776
199,RP,Koblenz,FDP,10.8,6.74010451883078
200,RP,Mosel/Rhein-Hunsrück,FDP,11.2,6.1981514042709
201,RP,Kreuznach,FDP,9.9,6.59624850889668
202,RP,Bitburg,FDP,10.3,6.50347601878457
203,RP,Trier,FDP,9.2,6.2052965303883
204,RP,Montabaur,FDP,10.9,6.29626814858057
205,RP,Mainz,FDP,11.3,6.83399700024165
206,RP,Worms,FDP,10.5,6.88300491147675
207,RP,Ludwigshafen/Frankenthal,FDP,10.2,6.90198481222615
208,RP,Neustadt – Speyer,FDP,11,6.16684378869832
209,RP,Kaiserslautern,FDP,9.1,6.30195232038386
210,RP,Pirmasens,FDP,8.9,6.92826939024962
211,RP,Südpfalz,FDP,10.3,6.64139234717004
212,BY,Altötting,FDP,8.9,6.65757628553547
213,BY,Erding – Ebersberg,FDP,11.9,6.36838665115647
214,BY,Freising,FDP,10.4,6.36990496353246
215,BY,Fürstenfeldbruck,FDP,11.6,6.1016686540097
216,BY,Ingolstadt,FDP,9.4,6.16484414204024
217,BY,München-Nord,FDP,15.1,6.18734046188183
218,BY,München-Ost,FDP,14.7,6.23102619918063
219,BY,München-Süd,FDP,13.3,6.83175611379556
220,BY,München-West/Mitte,FDP,13.7,6.72509809490293
221,BY,München-Land,FDP,15.3,6.20019493112341
222,BY,Rosenheim,FDP,11,6.25833238149062
223,BY,Bad Tölz-Wolfratshausen – Miesbach,FDP,12.4,6.40288957511075
224,BY,Starnberg – Landsberg am Lech,FDP,14.2,6.22459492087364
225,BY,Traunstein,FDP,9.2,6.24466048926115
226,BY,Weilheim,FDP,10.4,6.21434995043091
227,BY,Deggendorf,FDP,7.6,6.62179776304401
228,BY,Landshut,FDP,10.1,6.67779944743961
229,BY,Passau,FDP,9.1,6.5444550155662
230,BY,Rottal-Inn,FDP,9.1,6.13848519348539
231,BY,Straubing,FDP,8,6.53199563757516
232,BY,Amberg,FDP,7.6,6.62207963783294
233,BY,Regensburg,FDP,9,6.30852887942456
234,BY,Schwandorf,FDP,6.6,6.54686415288597
235,BY,Weiden,FDP,6.6,6.41277050320059
236,BY,Bamberg,FDP,9.5,6.05840209499002
237,BY,Bayreuth,FDP,9,6.15069555584341
238,BY,Coburg,FDP,8.2,6.2202076674439
239,BY,Hof,FDP,7.9,6.70219458360225
240,BY,Kulmbach,FDP,7.7,6.75517083494924
241,BY,Ansbach,FDP,7.5,6.87818342493847
242,BY,Erlangen,FDP,10.1,6.29052668670192
243,BY,Fürth,FDP,8.9,6.66978752519935
244,BY,Nürnberg-Nord,FDP,10.6,6.77325148065574
245,BY,Nürnberg-Süd,FDP,8.6,6.81222297623754
246,BY,Roth,FDP,8.7,6.400176233612
247,BY,Aschaffenburg,FDP,10.9,6.43369061499834
248,BY,Bad Kissingen,FDP,8.9,6.86322002508678
249,BY,Main-Spessart,FDP,8.8,6.38583750254475
250,BY,Schweinfurt,FDP,8.9,6.21702185599133
251,BY,Würzburg,FDP,10.3,6.33567267679609
252,BY,Augsburg-Stadt,FDP,10,6.84118995792232
253,BY,Augsburg-Land,FDP,10.4,6.3020708267577
254,BY,Donau-Ries,FDP,9.1,6.42955071548931
255,BY,Neu-Ulm,FDP,10.3,6.74716292857192
256,BY,Oberallgäu,FDP,10.8,6.05126502458006
257,BY,Ostallgäu,FDP,10.5,6.25780207919888
258,BW,Stuttgart I,FDP,16.4,6.86794907576405
259,BW,Stuttgart II,FDP,13.9,6.11948160408065
260,BW,Böblingen,FDP,15.1,6.04115442582406
261,BW,Esslingen,FDP,13.8,6.66025390615687
262,BW,Nürtingen,FDP,15,6.57127568311989
263,BW,Göppingen,FDP,12.6,6.94747921731323
264,BW,Waiblingen,FDP,16.2,6.12391086481512
265,BW,Ludwigsburg,FDP,14.7,6.08594469726086
266,BW,Neckar-Zaber,FDP,14.7,6.33317571901716
267,BW,Heilbronn,FDP,13,6.12671103398316
268,BW,Schwäbisch Hall – Hohenlohe,FDP,12.7,6.01352401031181
269,BW,Backnang – Schwäbisch Gmünd,FDP,12.4,6.02573763765395
270,BW,Aalen – Heidenheim,FDP,10.5,6.87009967840277
271,BW,Karlsruhe-Stadt,FDP,12,6.14800284919329
272,BW,Karlsruhe-Land,FDP,12.8,6.39561535604298
273,BW,Rastatt,FDP,11.5,6.73720609699376
274,BW,Heidelberg,FDP,12.7,6.95947085227817
275,BW,Mannheim,FDP,11.2,6.89969555614516
276,BW,Odenwald – Tauber,FDP,10.9,6.82402091706172
277,BW,Rhein-Neckar,FDP,12.2,6.41800808766857
278,BW,Bruchsal – Schwetzingen,FDP,11.9,6.11491393204778
279,BW,Pforzheim,FDP,13.6,6.04192363494076
280,BW,Calw,FDP,14.3,6.59954265016131
281,BW,Freiburg,FDP,9.3,6.84937457810156
282,BW,Lörrach – Müllheim,FDP,11.1,6.2566381606739
283,BW,Emmendingen – Lahr,FDP,10.6,6.05226781312376
284,BW,Offenburg,FDP,11,6.19043707195669
285,BW,Rottweil – Tuttlingen,FDP,13.5,6.55871791392565
286,BW,Schwarzwald-Baar,FDP,12.2,6.21053492766805
287,BW,Konstanz,FDP,13.2,6.4401873787865
288,BW,Waldshut,FDP,10.8,6.15024238079786
289,BW,Reutlingen,FDP,13.7,6.15593201713637
290,BW,Tübingen,FDP,11.8,6.57089376309887
291,BW,Ulm,FDP,11.5,6.5558791377116
292,BW,Biberach,FDP,11,6.22288255486637
293,BW,Bodensee,FDP,13.2,6.82086152071133
294,BW,Ravensburg,FDP,11.4,6.03304351819679
295,BW,Zollernalb – Sigmaringen,FDP,13.4,6.24331273301505
296,SL,Saarbrücken,FDP,8.1,6.46304386015981
297,SL,Saarlouis,FDP,7.7,6.78066504886374
298,SL,St. Wendel,FDP,6.9,6.38938325853087
299,SL,Homburg,FDP,7.7,6.77715612063184
1,SH,Flensburg – Schleswig,Linke,8.2,4.0697326771915
2,SH,Nordfriesland – Dithmarschen Nord,Linke,6.2,4.21458969591185
3,SH,Steinburg – Dithmarschen Süd,Linke,6.7,4.94335974450223
4,SH,Rendsburg-Eckernförde,Linke,6.4,4.6835814951919
5,SH,Kiel,Linke,10.2,4.01374762598425
6,SH,Plön – Neumünster,Linke,6.5,4.27124346815981
7,SH,Pinneberg,Linke,7,4.06811263761483
8,SH,Segeberg – Stormarn-Mitte,Linke,6.9,4.2252617275808
9,SH,Ostholstein – Stormarn-Nord,Linke,6,4.63493256946094
10,SH,Herzogtum Lauenburg – Stormarn-Süd,Linke,6.5,4.50789564242586
11,SH,Lübeck,Linke,9.4,4.53318630950525
12,MV,Schwerin – Ludwigslust-Parchim I – Nordwestmecklenburg I,Linke,16.7,4.84189032088034
13,MV,Ludwigslust-Parchim II – Nordwestmecklenburg II – Landkreis Rostock I,Linke,16.8,4.81110372859985
14,MV,Rostock – Landkreis Rostock II,Linke,20.7,4.93875569687225
15,MV,Vorpommern-Rügen – Vorpommern-Greifswald I,Linke,18,4.67922052158974
16,MV,Mecklenburgische Seenplatte I – Vorpommern-Greifswald II,Linke,17.6,4.38381260703318
17,MV,Mecklenburgische Seenplatte II – Landkreis Rostock III,Linke,16.9,4.09539928799495
18,HH,Hamburg-Mitte,Linke,15,4.62548326631077
19,HH,Hamburg-Altona,Linke,15.7,4.050418097293
20,HH,Hamburg-Eimsbüttel,Linke,12.4,4.20650733797811
21,HH,Hamburg-Nord,Linke,9.4,4.56364743108861
22,HH,Hamburg-Wandsbek,Linke,9.8,4.55254235723987
23,HH,Hamburg-Bergedorf – Harburg,Linke,11.2,4.08118131570518
24,NI,Aurich – Emden,Linke,7.2,4.50421124766581
25,NI,Unterems,Linke,5.4,4.95586749957874
26,NI,Friesland – Wilhelmshaven – Wittmund,Linke,7.1,4.42788611678407
27,NI,Oldenburg – Ammerland,Linke,9.4,4.80164928245358
28,NI,Delmenhorst – Wesermarsch – Oldenburg-Land,Linke,6.9,4.53551242104732
29,NI,Cuxhaven – Stade II,Linke,6.5,4.00954059045762
30,NI,Stade I – Rotenburg II,Linke,6.3,4.6781719494611
31,NI,Mittelems,Linke,4.6,4.70610672375187
32,NI,Cloppenburg – Vechta,Linke,4.4,4.73915402288549
33,NI,Diepholz – Nienburg I,Linke,6.1,4.70312893856317
34,NI,Osterholz – Verden,Linke,7.3,4.49837108841166
35,NI,Rotenburg I – Heidekreis,Linke,5.9,4.76295901788399
36,NI,Harburg,Linke,6.3,4.25196678261273
37,NI,Lüchow-Dannenberg – Lüneburg,Linke,9.1,4.59077990124933
38,NI,Osnabrück-Land,Linke,6.1,4.14896644908004
39,NI,Stadt Osnabrück,Linke,8.4,4.81012280099094
40,NI,Nienburg II – Schaumburg,Linke,5.7,4.02545221569017
41,NI,Stadt Hannover I,Linke,9.3,4.57436767523177
42,NI,Stadt Hannover II,Linke,12,4.57012091926299
43,NI,Hannover-Land I,Linke,6,4.5172489900142
44,NI,Celle – Uelzen,Linke,5.8,4.2382239412982
45,NI,Gifhorn – Peine,Linke,6.1,4.09567034593783
46,NI,Hameln-Pyrmont – Holzminden,Linke,6.6,4.19251362932846
47,NI,Hannover-Land II,Linke,6.6,4.88812077394687
48,NI,Hildesheim,Linke,6.5,4.5669694817625
49,NI,Salzgitter – Wolfenbüttel,Linke,7.2,4.11717187589966
50,NI,Braunschweig,Linke,9.3,4.15945435781032
51,NI,Helmstedt – Wolfsburg,Linke,6.7,4.1629753743764
52,NI,Goslar – Northeim – Osterode,Linke,6.4,4.47052752343006
53,NI,Göttingen,Linke,8.7,4.1741826927755
54,HB,Bremen I,Linke,14.2,4.66053589154035
55,HB,Bremen II – Bremerhaven,Linke,12.5,4.09965590108186
56,BB,Prignitz – Ostprignitz-Ruppin – Havelland I,Linke,16.4,4.17164655355737
57,BB,Uckermark – Barnim I,Linke,18.6,4.22064785566181
58,BB,Oberhavel – Havelland II,Linke,14.3,4.42755959415808
59,BB,Märkisch-Oderland – Barnim II,Linke,20.7,4.56282302760519
60,BB,Brandenburg an der Havel – Potsdam-Mittelmark I – Havelland III – Teltow-Fläming I,Linke,16.5,4.38065466773696
61,BB,Potsdam – Potsdam-Mittelmark II – Teltow-Fläming II,Linke,18.3,4.63258104212582
62,BB,Dahme-Spreewald – Teltow-Fläming III – Oberspreewald-Lausitz I,Linke,15.8,4.64666096377186
63,BB,Frankfurt (Oder) – Oder-Spree,Linke,19,4.92524228175171
64,BB,Cottbus – Spree-Neiße,Linke,16.5,4.12598870811053
65,BB,Elbe-Elster – Oberspreewald-Lausitz II,Linke,15.5,4.22301208646968
66,ST,Altmark,Linke,18.5,4.65999857941642
67,ST,Börde – Jerichower Land,Linke,16.6,4.65971923829056
68,ST,Harz,Linke,17.7,4.00165952998213
69,ST,Magdeburg,Linke,18.7,4.47062401589938
70,ST,Dessau – Wittenberg,Linke,17.3,4.43985329708084
71,ST,Anhalt,Linke,17.8,4.45540331909433
72,ST,Halle,Linke,19.2,4.87314397096634
73,ST,Burgenland – Saalekreis,Linke,16.3,4.90762578882277
74,ST,Mansfeld,Linke,17.3,4.32076029130258
75,BE,Berlin-Mitte,Linke,21.5,4.26630303123966
76,BE,Berlin-Pankow,Linke,23.5,4.89281616057269
77,BE,Berlin-Reinickendorf,Linke,8.5,4.82863153261133
78,BE,Berlin-Spandau – Charlottenburg Nord,Linke,9.8,4.62116261292249
79,BE,Berlin-Steglitz-Zehlendorf,Linke,9.1,4.24425052758306
80,BE,Berlin-Charlottenburg-Wilmersdorf,Linke,11.7,4.17140020872466
81,BE,Berlin-Tempelhof-Schöneberg,Linke,13.2,4.00312040327117
82,BE,Berlin-Neukölln,Linke,18.2,4.4144767341204
83,BE,Berlin-Friedrichshain-Kreuzberg – Prenzlauer Berg Ost,Linke,28.5,4.38153326092288
84,BE,Berlin-Treptow-Köpenick,Linke,25.1,4.9819315217901
85,BE,Berlin-Marzahn-Hellersdorf,Linke,26.1,4.9767281494569
86,BE,Berlin-Lichtenberg,Linke,29.3,4.83270148956217
87,NW,Aachen I,Linke,10.3,4.68188131228089
88,NW,Aachen II,Linke,5.9,4.1353571517393
89,NW,Heinsberg,Linke,5.6,4.23765283077955
90,NW,Düren,Linke,5.9,4.76556649315171
91,NW,Rhein-Erft-Kreis I,Linke,6,4.46091967262328
92,NW,Euskirchen – Rhein-Erft-Kreis II,Linke,6.1,4.6853276535403
93,NW,Köln I,Linke,11,4.18076079967432
94,NW,Köln II,Linke,10.7,4.7143073126208
95,NW,Köln III,Linke,12.8,4.58823949820362
96,NW,Bonn,Linke,9.6,4.79267420759425
97,NW,Rhein-Sieg-Kreis I,Linke,7.1,4.88553319545463
98,NW,Rhein-Sieg-Kreis II,Linke,6.4,4.52050777478144
99,NW,Oberbergischer Kreis,Linke,6.4,4.47266962961294
100,NW,Rheinisch-Bergischer Kreis,Linke,6.4,4.27611039974727
101,NW,Leverkusen – Köln IV,Linke,9.3,4.21703997510485
102,NW,Wuppertal I,Linke,10.8,4.21310178679414
103,NW,Solingen – Remscheid – Wuppertal II,Linke,7.8,4.3263148770202
104,NW,Mettmann I,Linke,6.4,4.98574341880158
105,NW,Mettmann II,Linke,6.8,4.34053943865001
106,NW,Düsseldorf I,Linke,8.5,4.67977132136002
107,NW,Düsseldorf II,Linke,9.9,4.04635329148732
108,NW,Neuss I,Linke,6.2,4.25855274870992
109,NW,Mönchengladbach,Linke,7.4,4.10447132284753
110,NW,Krefeld I – Neuss II,Linke,6.4,4.60752558102831
111,NW,Viersen,Linke,6,4.20026183919981
112,NW,Kleve,Linke,5.6,4.967392987106
113,NW,Wesel I,Linke,6.7,4.31096908426844
114,NW,Krefeld II – Wesel II,Linke,7.6,4.21179859759286
115,NW,Duisburg I,Linke,8.7,4.41012237919495
116,NW,Duisburg II,Linke,8.4,4.59866932476871
117,NW,Oberhausen – Wesel III,Linke,8.3,4.20313472952694
118,NW,Mülheim – Essen I,Linke,7.4,4.72132443566807
119,NW,Essen II,Linke,8.7,4.35751076228917
120,NW,Essen III,Linke,8.3,4.74157611699775
121,NW,Recklinghausen I,Linke,7.3,4.39780131168664
122,NW,Recklinghausen II,Linke,6.6,4.68467254261486
123,NW,Gelsenkirchen,Linke,7.4,4.52328775636852
124,NW,Steinfurt I – Borken I,Linke,5.5,4.72564199520275
125,NW,Bottrop – Recklinghausen III,Linke,6.8,4.96774701005779
126,NW,Borken II,Linke,4.2,4.11691933963448
127,NW,Coesfeld – Steinfurt II,Linke,5.4,4.63220315077342
128,NW,Steinfurt III,Linke,6.4,4.8739894235041
129,NW,Münster,Linke,10.1,4.45825146674179
130,NW,Warendorf,Linke,5.5,4.41613268223591
131,NW,Gütersloh I,Linke,6.1,4.38125806790777
132,NW,Bielefeld – Gütersloh II,Linke,11.1,4.74957726639695
133,NW,Herford – Minden-Lübbecke II,Linke,6.9,4.74615498259664
134,NW,Minden-Lübbecke I,Linke,6.3,4.45909700472839
135,NW,Lippe I,Linke,7,4.06162405805662
136,NW,Höxter – Gütersloh III – Lippe II,Linke,5.7,4.84379629092291
137,NW,Paderborn,Linke,6.7,4.08108223136514
138,NW,Hagen – Ennepe-Ruhr-Kreis I,Linke,7.2,4.44153841980733
139,NW,Ennepe-Ruhr-Kreis II,Linke,8.1,4.83730154018849
140,NW,Bochum I,Linke,10.2,4.15856477618217
141,NW,Herne – Bochum II,Linke,8.6,4.93458317872137
142,NW,Dortmund I,Linke,10,4.37400698661804
143,NW,Dortmund II,Linke,9.1,4.3041516309604
144,NW,Unna I,Linke,6.9,4.27271707984619
145,NW,Hamm – Unna II,Linke,7,4.66486357850954
146,NW,Soest,Linke,6.8,4.11541624972597
147,NW,Hochsauerlandkreis,Linke,5.4,4.20980659034103
148,NW,Siegen-Wittgenstein,Linke,7.8,4.03978856164031
149,NW,Olpe – Märkischer Kreis I,Linke,5.4,4.07037075678818
150,NW,Märkischer Kreis II,Linke,6.5,4.41151234391145
151,SN,Nordsachsen,Linke,14.7,4.91874982998706
152,SN,Leipzig I,Linke,19.5,4.76492065866478
153,SN,Leipzig II,Linke,22.5,4.45695827621967
154,SN,Leipzig-Land,Linke,14.7,4.19831816060469
155,SN,Meißen,Linke,13.3,4.38969420734793
156,SN,Bautzen I,Linke,14.2,4.14187136245891
157,SN,Görlitz,Linke,14,4.06602399516851
158,SN,Sächsische Schweiz-Osterzgebirge,Linke,12.8,4.1635989274364
159,SN,Dresden I,Linke,17.1,4.2453414965421
160,SN,Dresden II – Bautzen II,Linke,17.3,4.10997182759456
161,SN,Mittelsachsen,Linke,14.5,4.03395526879467
162,SN,Chemnitz,Linke,19.2,4.042297745822
163,SN,Chemnitzer Umland – Erzgebirgskreis II,Linke,15.3,4.01609210832976
164,SN,Erzgebirgskreis I,Linke,14.1,4.08784958370961
165,SN,Zwickau,Linke,16.6,4.7575255210977
166,SN,Vogtlandkreis,Linke,16,4.49902377394028
167,HE,Waldeck,Linke,7,4.53528032428585
168,HE,Kassel,Linke,11.3,4.64318915456533
169,HE,Werra-Meißner – Hersfeld-Rotenburg,Linke,6.7,4.28400618280284
170,HE,Schwalm-Eder,Linke,6.5,4.45228826557286
171,HE,Marburg,Linke,10.2,4.46517244051211
172,HE,Lahn-Dill,Linke,6.7,4.43440006743185
173,HE,Gießen,Linke,8.4,4.83321573655121
174,HE,Fulda,Linke,5.8,4.5399302477017
175,HE,Main-Kinzig – Wetterau II – Schotten,Linke,6.6,4.4089001712855
176,HE,Hochtaunus,Linke,6.6,4.00572891719639
177,HE,Wetterau I,Linke,6.7,4.68058762629516
178,HE,Rheingau-Taunus – Limburg,Linke,6.4,4.99026322318241
179,HE,Wiesbaden,Linke,9.5,4.43739170674235
180,HE,Hanau,Linke,7.6,4.17500284151174
181,HE,Main-Taunus,Linke,6,4.17633741837926
182,HE,Frankfurt am Main I,Linke,12,4.98396581597626
183,HE,Frankfurt am Main II,Linke,11.7,4.33647857909091
184,HE,Groß-Gerau,Linke,8.2,4.47956489771605
185,HE,Offenbach,Linke,8.8,4.51735761715099
186,HE,Darmstadt,Linke,10.2,4.04671422508545
187,HE,Odenwald,Linke,7.4,4.82570526446216
188,HE,Bergstraße,Linke,6.6,4.282093671849
189,TH,Eichsfeld – Nordhausen – Kyffhäuserkreis,Linke,14.5,4.22252846206538
190,TH,Eisenach – Wartburgkreis – Unstrut-Hainich-Kreis,Linke,15.7,4.5386269390583
191,TH,Jena – Sömmerda – Weimarer Land I,Linke,18.5,4.33634814317338
192,TH,Gotha – Ilm-Kreis,Linke,15.7,4.70552165107802
193,TH,Erfurt – Weimar – Weimarer Land II,Linke,19.4,4.00032033864409
194,TH,Gera – Greiz – Altenburger Land,Linke,17.4,4.41228515980765
195,TH,Saalfeld-Rudolstadt – Saale-Holzland-Kreis – Saale-Orla-Kreis,Linke,16.6,4.56535021914169
196,TH,Suhl – Schmalkalden-Meiningen – Hildburghausen – Sonneberg,Linke,16.9,4.94750635768287
197,RP,Neuwied,Linke,6.3,4.91117934859358
198,RP,Ahrweiler,Linke,5.7,4.37031628331169
199,RP,Koblenz,Linke,6.9,4.31257409253158
200,RP,Mosel/Rhein-Hunsrück,Linke,6.1,4.8217461721506
201,RP,Kreuznach,Linke,6.9,4.02280250610784
202,RP,Bitburg,Linke,5.9,4.06567915133201
203,RP,Trier,Linke,8.6,4.49310088413768
204,RP,Montabaur,Linke,5.9,4.47392647550441
205,RP,Mainz,Linke,8.5,4.18096206127666
206,RP,Worms,Linke,6.4,4.2882105410099
207,RP,Ludwigshafen/Frankenthal,Linke,6.7,4.38392189750448
208,RP,Neustadt – Speyer,Linke,6,4.70284667378291
209,RP,Kaiserslautern,Linke,8,4.62319045164622
210,RP,Pirmasens,Linke,7.2,4.57913773693144
211,RP,Südpfalz,Linke,6.4,4.77281188452616
212,BY,Altötting,Linke,5.3,4.47272758954205
213,BY,Erding – Ebersberg,Linke,5.1,4.94543783180416
214,BY,Freising,Linke,5.1,4.36821963498369
215,BY,Fürstenfeldbruck,Linke,5.1,4.93702493910678
216,BY,Ingolstadt,Linke,5.4,4.32646246091463
217,BY,München-Nord,Linke,8.2,4.73217348475009
218,BY,München-Ost,Linke,7.6,4.34058308764361
219,BY,München-Süd,Linke,8.7,4.03510721889324
220,BY,München-West/Mitte,Linke,8.6,4.86939453403465
221,BY,München-Land,Linke,5.1,4.12955293804407
222,BY,Rosenheim,Linke,5.1,4.37258888455108
223,BY,Bad Tölz-Wolfratshausen – Miesbach,Linke,4.9,4.70787758100778
224,BY,Starnberg – Landsberg am Lech,Linke,5.4,4.05696478812024
225,BY,Traunstein,Linke,5.3,4.02279169205576
226,BY,Weilheim,Linke,5.4,4.66138011869043
227,BY,Deggendorf,Linke,5,4.92571003339253
228,BY,Landshut,Linke,4.8,4.35839240206406
229,BY,Passau,Linke,5.6,4.03468824899755
230,BY,Rottal-Inn,Linke,4.5,4.47462165448815
231,BY,Straubing,Linke,4.4,4.9747388700489
232,BY,Amberg,Linke,5.3,4.27409203466959
233,BY,Regensburg,Linke,6.8,4.96424595406279
234,BY,Schwandorf,Linke,4.5,4.1333155145403
235,BY,Weiden,Linke,4.8,4.98730884492397
236,BY,Bamberg,Linke,6.5,4.99369523930363
237,BY,Bayreuth,Linke,5.5,4.24922065366991
238,BY,Coburg,Linke,5.6,4.07392570981756
239,BY,Hof,Linke,5.7,4.86216700961813
240,BY,Kulmbach,Linke,4.8,4.67090389481746
241,BY,Ansbach,Linke,6.6,4.52908455207944
242,BY,Erlangen,Linke,7.5,4.66889287694357
243,BY,Fürth,Linke,7.9,4.44101613224484
244,BY,Nürnberg-Nord,Linke,11.7,4.23355992115103
245,BY,Nürnberg-Süd,Linke,8.9,4.14811700582504
246,BY,Roth,Linke,6.3,4.60623890743591
247,BY,Aschaffenburg,Linke,6.1,4.41624944796786
248,BY,Bad Kissingen,Linke,5.9,4.45895862998441
249,BY,Main-Spessart,Linke,5.5,4.05850708158687
250,BY,Schweinfurt,Linke,6.7,4.23115189885721
251,BY,Würzburg,Linke,7.1,4.31639102008194
252,BY,Augsburg-Stadt,Linke,9,4.5185999921523
253,BY,Augsburg-Land,Linke,4.9,4.37306058499962
254,BY,Donau-Ries,Linke,4.6,4.3638462361414
255,BY,Neu-Ulm,Linke,5.1,4.34627003129572
256,BY,Oberallgäu,Linke,5.8,4.89440760109574
257,BY,Ostallgäu,Linke,5.5,4.40431899274699
258,BW,Stuttgart I,Linke,9.3,4.32454848079942
259,BW,Stuttgart II,Linke,9.1,4.94497558218427
260,BW,Böblingen,Linke,5.4,4.09002220188268
261,BW,Esslingen,Linke,6.2,4.03608569526114
262,BW,Nürtingen,Linke,5.5,4.18689027405344
263,BW,Göppingen,Linke,5.1,4.29444937291555
264,BW,Waiblingen,Linke,5.6,4.17087379284203
265,BW,Ludwigsburg,Linke,6,4.21179277077317
266,BW,Neckar-Zaber,Linke,5.3,4.39855570113286
267,BW,Heilbronn,Linke,5.7,4.47041602013633
268,BW,Schwäbisch Hall – Hohenlohe,Linke,5.7,4.800429855939
269,BW,Backnang – Schwäbisch Gmünd,Linke,5.9,4.70938336290419
270,BW,Aalen – Heidenheim,Linke,5.5,4.1278992430307
271,BW,Karlsruhe-Stadt,Linke,9.6,4.81478434451856
272,BW,Karlsruhe-Land,Linke,5.5,4.68874135264196
273,BW,Rastatt,Linke,5.4,4.6104785904754
274,BW,Heidelberg,Linke,8.3,4.72836760221981
275,BW,Mannheim,Linke,9.1,4.9861548030749
276,BW,Odenwald – Tauber,Linke,5.5,4.63558736001141
277,BW,Rhein-Neckar,Linke,6.3,4.4936520808842
278,BW,Bruchsal – Schwetzingen,Linke,5.7,4.74360511754639
279,BW,Pforzheim,Linke,5.4,4.59708231594414
280,BW,Calw,Linke,5.1,4.72517003584653
281,BW,Freiburg,Linke,11.2,4.50122167216614
282,BW,Lörrach – Müllheim,Linke,6.2,4.38429956603795
283,BW,Emmendingen – Lahr,Linke,5.8,4.72844109102152
284,BW,Offenburg,Linke,5.5,4.43920033192262
285,BW,Rottweil – Tuttlingen,Linke,4.8,4.64611125504598
286,BW,Schwarzwald-Baar,Linke,5.3,4.45727884722874
287,BW,Konstanz,Linke,7.2,4.21706071821973
288,BW,Waldshut,Linke,5.5,4.52485094242729
289,BW,Reutlingen,Linke,6.1,4.79602768295445
290,BW,Tübingen,Linke,9.5,4.00634281989187
291,BW,Ulm,Linke,5.7,4.70839484455064
292,BW,Biberach,Linke,4.6,4.30244478350505
293,BW,Bodensee,Linke,6.1,4.55378709197976
294,BW,Ravensburg,Linke,6.1,4.40056383586489
295,BW,Zollernalb – Sigmaringen,Linke,5.1,4.76523403241299
296,SL,Saarbrücken,Linke,14.9,4.75167711218819
297,SL,Saarlouis,Linke,12.9,4.44577343505807
298,SL,St. Wendel,Linke,11.3,4.00850402610376
299,SL,Homburg,Linke,12.4,4.74276083172299
1,SH,Flensburg – Schleswig,Grüne,13.1,8.03190825600177
2,SH,Nordfriesland – Dithmarschen Nord,Grüne,11,8.53114245762117
3,SH,Steinburg – Dithmarschen Süd,Grüne,9.9,8.88289596978575
4,SH,Rendsburg-Eckernförde,Grüne,12.4,8.01862624799833
5,SH,Kiel,Grüne,17.2,8.73385249194689
6,SH,Plön – Neumünster,Grüne,12.5,8.25558470259421
7,SH,Pinneberg,Grüne,11.4,8.3482844538521
8,SH,Segeberg – Stormarn-Mitte,Grüne,10.9,8.75781704508699
9,SH,Ostholstein – Stormarn-Nord,Grüne,9.8,8.44796743965708
10,SH,Herzogtum Lauenburg – Stormarn-Süd,Grüne,10.8,8.3837386504747
11,SH,Lübeck,Grüne,12.8,8.09091315511614
12,MV,Schwerin – Ludwigslust-Parchim I – Nordwestmecklenburg I,Grüne,4.3,8.2167703662999
13,MV,Ludwigslust-Parchim II – Nordwestmecklenburg II – Landkreis Rostock I,Grüne,3.8,8.19539148639888
14,MV,Rostock – Landkreis Rostock II,Grüne,6.3,8.7640069865156
15,MV,Vorpommern-Rügen – Vorpommern-Greifswald I,Grüne,5.1,8.79415624774992
16,MV,Mecklenburgische Seenplatte I – Vorpommern-Greifswald II,Grüne,2.6,8.54900540295057
17,MV,Mecklenburgische Seenplatte II – Landkreis Rostock III,Grüne,3.2,8.49318586825393
18,HH,Hamburg-Mitte,Grüne,14.4,8.51477220724337
19,HH,Hamburg-Altona,Grüne,17.9,8.39871405367739
20,HH,Hamburg-Eimsbüttel,Grüne,17,8.44786571525037
21,HH,Hamburg-Nord,Grüne,14.4,8.91523657017387
22,HH,Hamburg-Wandsbek,Grüne,10.4,8.62026805547066
23,HH,Hamburg-Bergedorf – Harburg,Grüne,10,8.74634816264734
24,NI,Aurich – Emden,Grüne,7.4,8.89030217588879
25,NI,Unterems,Grüne,5.9,8.60627227346413
26,NI,Friesland – Wilhelmshaven – Wittmund,Grüne,7.3,8.24603389995173
27,NI,Oldenburg – Ammerland,Grüne,12.5,8.74493937101215
28,NI,Delmenhorst – Wesermarsch – Oldenburg-Land,Grüne,8,8.32879367237911
29,NI,Cuxhaven – Stade II,Grüne,6.9,8.14319422584958
30,NI,Stade I – Rotenburg II,Grüne,8.2,8.36797094088979
31,NI,Mittelems,Grüne,6,8.28285020124167
32,NI,Cloppenburg – Vechta,Grüne,5,8.29720636410639
33,NI,Diepholz – Nienburg I,Grüne,8.1,8.88749311491847
34,NI,Osterholz – Verden,Grüne,9.3,8.56747867306694
35,NI,Rotenburg I – Heidekreis,Grüne,8,8.28204485424794
36,NI,Harburg,Grüne,10.2,8.25950347655453
37,NI,Lüchow-Dannenberg – Lüneburg,Grüne,13.5,8.02985793468542
38,NI,Osnabrück-Land,Grüne,8.2,8.24322490650229
39,NI,Stadt Osnabrück,Grüne,12.1,8.29659844655544
40,NI,Nienburg II – Schaumburg,Grüne,8.1,8.50213962770067
41,NI,Stadt Hannover I,Grüne,12.2,8.03025243571028
42,NI,Stadt Hannover II,Grüne,14.9,8.02465482079424
43,NI,Hannover-Land I,Grüne,7.9,8.93117742054164
44,NI,Celle – Uelzen,Grüne,7.8,8.30325439106673
45,NI,Gifhorn – Peine,Grüne,7.2,8.9953525736928
46,NI,Hameln-Pyrmont – Holzminden,Grüne,7.2,8.42558569111861
47,NI,Hannover-Land II,Grüne,8.7,8.6054241177626
48,NI,Hildesheim,Grüne,8.8,8.88618936762214
49,NI,Salzgitter – Wolfenbüttel,Grüne,6.6,8.63066864036955
50,NI,Braunschweig,Grüne,11.8,8.25100422883406
51,NI,Helmstedt – Wolfsburg,Grüne,5.9,8.36874595237896
52,NI,Goslar – Northeim – Osterode,Grüne,6.6,8.20524476561695
53,NI,Göttingen,Grüne,11.6,8.28485480486415
54,HB,Bremen I,Grüne,12.6,8.80244964174926
55,HB,Bremen II – Bremerhaven,Grüne,9,8.0636923275888
56,BB,Prignitz – Ostprignitz-Ruppin – Havelland I,Grüne,3.6,8.55862626479939
57,BB,Uckermark – Barnim I,Grüne,4.1,8.45660335663706
58,BB,Oberhavel – Havelland II,Grüne,6.4,8.85272317985073
59,BB,Märkisch-Oderland – Barnim II,Grüne,4.7,8.1572506276425
60,BB,Brandenburg an der Havel – Potsdam-Mittelmark I – Havelland III – Teltow-Fläming I,Grüne,4.5,8.26186493737623
61,BB,Potsdam – Potsdam-Mittelmark II – Teltow-Fläming II,Grüne,10.1,8.95140231330879
62,BB,Dahme-Spreewald – Teltow-Fläming III – Oberspreewald-Lausitz I,Grüne,4.7,8.90898442454636
63,BB,Frankfurt (Oder) – Oder-Spree,Grüne,4.3,8.27089085546322
64,BB,Cottbus – Spree-Neiße,Grüne,3.1,8.44433293188922
65,BB,Elbe-Elster – Oberspreewald-Lausitz II,Grüne,2.6,8.81227642484009
66,ST,Altmark,Grüne,3.3,8.46690130163915
67,ST,Börde – Jerichower Land,Grüne,2.9,8.64811767102219
68,ST,Harz,Grüne,3.5,8.48766277148388
69,ST,Magdeburg,Grüne,5.3,8.7707308861427
70,ST,Dessau – Wittenberg,Grüne,3.5,8.30409605754539
71,ST,Anhalt,Grüne,2.4,8.72284845891409
72,ST,Halle,Grüne,7,8.86329921358265
73,ST,Burgenland – Saalekreis,Grüne,2.6,8.5008516907692
74,ST,Mansfeld,Grüne,2.4,8.1091724652797
75,BE,Berlin-Mitte,Grüne,17.2,8.5991923820693
76,BE,Berlin-Pankow,Grüne,14.3,8.23914544354193
77,BE,Berlin-Reinickendorf,Grüne,9.1,8.44385762582533
78,BE,Berlin-Spandau – Charlottenburg Nord,Grüne,8.5,8.79718942753971
79,BE,Berlin-Steglitz-Zehlendorf,Grüne,14.2,8.92781598400325
80,BE,Berlin-Charlottenburg-Wilmersdorf,Grüne,15.8,8.13470445480198
81,BE,Berlin-Tempelhof-Schöneberg,Grüne,15.6,8.22007781476714
82,BE,Berlin-Neukölln,Grüne,13,8.47645501350053
83,BE,Berlin-Friedrichshain-Kreuzberg – Prenzlauer Berg Ost,Grüne,20.4,8.63356220629066
84,BE,Berlin-Treptow-Köpenick,Grüne,7.8,8.42061523976736
85,BE,Berlin-Marzahn-Hellersdorf,Grüne,4.1,8.81198633392341
86,BE,Berlin-Lichtenberg,Grüne,6.7,8.12367614265531
87,NW,Aachen I,Grüne,12.8,8.76995604392141
88,NW,Aachen II,Grüne,4.9,8.10952047072351
89,NW,Heinsberg,Grüne,5.2,8.91364328120835
90,NW,Düren,Grüne,5.5,8.48518807510845
91,NW,Rhein-Erft-Kreis I,Grüne,6.6,8.42201292398386
92,NW,Euskirchen – Rhein-Erft-Kreis II,Grüne,6.7,8.6879907543771
93,NW,Köln I,Grüne,11.4,8.16176599333994
94,NW,Köln II,Grüne,15.5,8.97419276484288
95,NW,Köln III,Grüne,14,8.3403512078803
96,NW,Bonn,Grüne,14.1,8.23490811977535
97,NW,Rhein-Sieg-Kreis I,Grüne,7.5,8.21403923700564
98,NW,Rhein-Sieg-Kreis II,Grüne,8.8,8.63196578389034
99,NW,Oberbergischer Kreis,Grüne,6.4,8.3568264064379
100,NW,Rheinisch-Bergischer Kreis,Grüne,9,8.4326899391599
101,NW,Leverkusen – Köln IV,Grüne,8.8,8.45358604751527
102,NW,Wuppertal I,Grüne,8.6,8.07194344094023
103,NW,Solingen – Remscheid – Wuppertal II,Grüne,7.2,8.74514181306586
104,NW,Mettmann I,Grüne,7.4,8.07178422948346
105,NW,Mettmann II,Grüne,6.9,8.50721357320435
106,NW,Düsseldorf I,Grüne,10,8.15037499228492
107,NW,Düsseldorf II,Grüne,10.1,8.61236561904661
108,NW,Neuss I,Grüne,6,8.9923371905461
109,NW,Mönchengladbach,Grüne,6.2,8.73768406012096
110,NW,Krefeld I – Neuss II,Grüne,7.1,8.49115417920984
111,NW,Viersen,Grüne,6.7,8.84903760161251
112,NW,Kleve,Grüne,6,8.35125272534788
113,NW,Wesel I,Grüne,6.1,8.56596298073418
114,NW,Krefeld II – Wesel II,Grüne,7,8.83096343581565
115,NW,Duisburg I,Grüne,6.6,8.6229161825031
116,NW,Duisburg II,Grüne,4.4,8.06500373198651
117,NW,Oberhausen – Wesel III,Grüne,5.5,8.30912960600108
118,NW,Mülheim – Essen I,Grüne,6.7,8.69207250140607
119,NW,Essen II,Grüne,6.2,8.49507096246816
120,NW,Essen III,Grüne,9.4,8.4563820688054
121,NW,Recklinghausen I,Grüne,5.8,8.34131951862946
122,NW,Recklinghausen II,Grüne,5.2,8.55533505999483
123,NW,Gelsenkirchen,Grüne,4.6,8.19512436236255
124,NW,Steinfurt I – Borken I,Grüne,6,8.69207390770316
125,NW,Bottrop – Recklinghausen III,Grüne,4.8,8.35039218515158
126,NW,Borken II,Grüne,5.9,8.03958130371757
127,NW,Coesfeld – Steinfurt II,Grüne,7.5,8.9823520986829
128,NW,Steinfurt III,Grüne,7.3,8.54081036848947
129,NW,Münster,Grüne,14.6,8.24282168736681
130,NW,Warendorf,Grüne,6.7,8.41752556711435
131,NW,Gütersloh I,Grüne,7.9,8.26579968980514
132,NW,Bielefeld – Gütersloh II,Grüne,11.1,8.47114970278926
133,NW,Herford – Minden-Lübbecke II,Grüne,6.9,8.11077835550532
134,NW,Minden-Lübbecke I,Grüne,6.4,8.99198818905279
135,NW,Lippe I,Grüne,7.4,8.19370671315119
136,NW,Höxter – Gütersloh III – Lippe II,Grüne,5.6,8.55590954888612
137,NW,Paderborn,Grüne,7.4,8.60512802307494
138,NW,Hagen – Ennepe-Ruhr-Kreis I,Grüne,5.8,8.24266770039685
139,NW,Ennepe-Ruhr-Kreis II,Grüne,8.2,8.64318156428635
140,NW,Bochum I,Grüne,8.9,8.15632528276183
141,NW,Herne – Bochum II,Grüne,5.9,8.32351144449785
142,NW,Dortmund I,Grüne,9.5,8.37813207064755
143,NW,Dortmund II,Grüne,7.2,8.95648135640658
144,NW,Unna I,Grüne,6.9,8.23562510311604
145,NW,Hamm – Unna II,Grüne,5.3,8.43346249265596
146,NW,Soest,Grüne,6.2,8.80194028560072
147,NW,Hochsauerlandkreis,Grüne,4.7,8.22374555794522
148,NW,Siegen-Wittgenstein,Grüne,5.5,8.7733279298991
149,NW,Olpe – Märkischer Kreis I,Grüne,4.5,8.75952147692442
150,NW,Märkischer Kreis II,Grüne,4.9,8.76876545860432
151,SN,Nordsachsen,Grüne,2.6,8.30808549630456
152,SN,Leipzig I,Grüne,7.1,8.47643338213675
153,SN,Leipzig II,Grüne,10.4,8.63126941723749
154,SN,Leipzig-Land,Grüne,3.2,8.21277117659338
155,SN,Meißen,Grüne,3.7,8.58448485354893
156,SN,Bautzen I,Grüne,2.4,8.348300015321
157,SN,Görlitz,Grüne,2.9,8.26976307248697
158,SN,Sächsische Schweiz-Osterzgebirge,Grüne,3,8.95600734720938
159,SN,Dresden I,Grüne,7.7,8.66328813624568
160,SN,Dresden II – Bautzen II,Grüne,9,8.9692225723993
161,SN,Mittelsachsen,Grüne,2.8,8.42801426840015
162,SN,Chemnitz,Grüne,4.7,8.1730803954415
163,SN,Chemnitzer Umland – Erzgebirgskreis II,Grüne,2.8,8.31199032487348
164,SN,Erzgebirgskreis I,Grüne,2.2,8.17131611029617
165,SN,Zwickau,Grüne,2.9,8.84960494260304
166,SN,Vogtlandkreis,Grüne,3,8.56698729260825
167,HE,Waldeck,Grüne,6.9,8.34409840055741
168,HE,Kassel,Grüne,11.4,8.017085227184
169,HE,Werra-Meißner – Hersfeld-Rotenburg,Grüne,6,8.42112038563937
170,HE,Schwalm-Eder,Grüne,6.6,8.43739730655216
171,HE,Marburg,Grüne,9.3,8.30929815839045
172,HE,Lahn-Dill,Grüne,7,8.78975204052404
173,HE,Gießen,Grüne,9.7,8.58607633807696
174,HE,Fulda,Grüne,6.7,8.55063059180975
175,HE,Main-Kinzig – Wetterau II – Schotten,Grüne,7.1,8.0337924612686
176,HE,Hochtaunus,Grüne,9.7,8.93970855511725
177,HE,Wetterau I,Grüne,9.5,8.63833065098152
178,HE,Rheingau-Taunus – Limburg,Grüne,8.9,8.67124258331023
179,HE,Wiesbaden,Grüne,11.8,8.22808651416562
180,HE,Hanau,Grüne,8.6,8.57912272331305
181,HE,Main-Taunus,Grüne,10.5,8.66354139475152
182,HE,Frankfurt am Main I,Grüne,13.6,8.00192343513481
183,HE,Frankfurt am Main II,Grüne,15.5,8.81566719943658
184,HE,Groß-Gerau,Grüne,9,8.88899485697038
185,HE,Offenbach,Grüne,10.2,8.23997256648727
186,HE,Darmstadt,Grüne,14.3,8.19028479978442
187,HE,Odenwald,Grüne,8.8,8.99926078622229
188,HE,Bergstraße,Grüne,8.8,8.3892145906575
189,TH,Eichsfeld – Nordhausen – Kyffhäuserkreis,Grüne,3.1,8.61056744144298
190,TH,Eisenach – Wartburgkreis – Unstrut-Hainich-Kreis,Grüne,3.5,8.65285439114086
191,TH,Jena – Sömmerda – Weimarer Land I,Grüne,6.2,8.3206797321327
192,TH,Gotha – Ilm-Kreis,Grüne,3.7,8.83488338114694
193,TH,Erfurt – Weimar – Weimarer Land II,Grüne,7.6,8.10872695082799
194,TH,Gera – Greiz – Altenburger Land,Grüne,2.7,8.89280290249735
195,TH,Saalfeld-Rudolstadt – Saale-Holzland-Kreis – Saale-Orla-Kreis,Grüne,3,8.06347221648321
196,TH,Suhl – Schmalkalden-Meiningen – Hildburghausen – Sonneberg,Grüne,3.3,8.20550746074878
197,RP,Neuwied,Grüne,6,8.08744046767242
198,RP,Ahrweiler,Grüne,6.7,8.94479888631031
199,RP,Koblenz,Grüne,7.9,8.83731499616988
200,RP,Mosel/Rhein-Hunsrück,Grüne,5.6,8.42858399590477
201,RP,Kreuznach,Grüne,6.2,8.71252362639643
202,RP,Bitburg,Grüne,6.2,8.55808763299137
203,RP,Trier,Grüne,9,8.23946521570906
204,RP,Montabaur,Grüne,6.2,8.24637125222944
205,RP,Mainz,Grüne,13.1,8.24524573027156
206,RP,Worms,Grüne,8,8.3241008229088
207,RP,Ludwigshafen/Frankenthal,Grüne,7.3,8.19316712510772
208,RP,Neustadt – Speyer,Grüne,8.8,8.13053243979812
209,RP,Kaiserslautern,Grüne,6.7,8.31699674064294
210,RP,Pirmasens,Grüne,4.6,8.27854995569214
211,RP,Südpfalz,Grüne,8.7,8.53538185590878
212,BY,Altötting,Grüne,6.8,8.65536878281273
213,BY,Erding – Ebersberg,Grüne,10.9,8.61204159981571
214,BY,Freising,Grüne,9.7,8.62502139783464
215,BY,Fürstenfeldbruck,Grüne,11,8.27118149073794
216,BY,Ingolstadt,Grüne,7.2,8.21845044032671
217,BY,München-Nord,Grüne,16.9,8.52715719118714
218,BY,München-Ost,Grüne,16,8.34176663123071
219,BY,München-Süd,Grüne,17.4,8.92370466864668
220,BY,München-West/Mitte,Grüne,18.5,8.03673222847283
221,BY,München-Land,Grüne,12.6,8.47968797152862
222,BY,Rosenheim,Grüne,10,8.392260130262
223,BY,Bad Tölz-Wolfratshausen – Miesbach,Grüne,10.3,8.16422131936997
224,BY,Starnberg – Landsberg am Lech,Grüne,13.1,8.86076987278648
225,BY,Traunstein,Grüne,9.2,8.12118213460781
226,BY,Weilheim,Grüne,9.5,8.70325354975648
227,BY,Deggendorf,Grüne,4.7,8.7871425843332
228,BY,Landshut,Grüne,7.3,8.89702341542579
229,BY,Passau,Grüne,6.4,8.30798634025268
230,BY,Rottal-Inn,Grüne,5.2,8.25319193513133
231,BY,Straubing,Grüne,4.6,8.58613942470402
232,BY,Amberg,Grüne,7.1,8.99823928228579
233,BY,Regensburg,Grüne,10.4,8.87540041771717
234,BY,Schwandorf,Grüne,4.6,8.40186262084171
235,BY,Weiden,Grüne,5,8.07921696733683
236,BY,Bamberg,Grüne,9.9,8.14565695659257
237,BY,Bayreuth,Grüne,7.9,8.89534729975276
238,BY,Coburg,Grüne,6.7,8.33967931289226
239,BY,Hof,Grüne,5.6,8.77554953587241
240,BY,Kulmbach,Grüne,5.9,8.84078242420219
241,BY,Ansbach,Grüne,8.8,8.3117051734589
242,BY,Erlangen,Grüne,13.3,8.35417287726887
243,BY,Fürth,Grüne,10.5,8.52096294309013
244,BY,Nürnberg-Nord,Grüne,15.1,8.04393970407546
245,BY,Nürnberg-Süd,Grüne,9.3,8.54883691715077
246,BY,Roth,Grüne,9.8,8.71385868010111
247,BY,Aschaffenburg,Grüne,9.4,8.73366720159538
248,BY,Bad Kissingen,Grüne,6.7,8.38613712019287
249,BY,Main-Spessart,Grüne,7.7,8.06269466551021
250,BY,Schweinfurt,Grüne,7.6,8.56391035951674
251,BY,Würzburg,Grüne,13,8.27950726985
252,BY,Augsburg-Stadt,Grüne,12.4,8.97968000196852
253,BY,Augsburg-Land,Grüne,8.8,8.0843342167791
254,BY,Donau-Ries,Grüne,6.9,8.04067580867559
255,BY,Neu-Ulm,Grüne,8.2,8.1211731180083
256,BY,Oberallgäu,Grüne,11.3,8.9577743858099
257,BY,Ostallgäu,Grüne,8.5,8.77379705919884
258,BW,Stuttgart I,Grüne,19.6,8.28608666267246
259,BW,Stuttgart II,Grüne,15.3,8.11749335448258
260,BW,Böblingen,Grüne,12.7,8.70709892967716
261,BW,Esslingen,Grüne,14.6,8.52028516028076
262,BW,Nürtingen,Grüne,14.2,8.05392355821095
263,BW,Göppingen,Grüne,12.3,8.49124691169709
264,BW,Waiblingen,Grüne,12.2,8.39602164155804
265,BW,Ludwigsburg,Grüne,13.8,8.58597601437941
266,BW,Neckar-Zaber,Grüne,13.1,8.53483306942508
267,BW,Heilbronn,Grüne,10.4,8.87907283939421
268,BW,Schwäbisch Hall – Hohenlohe,Grüne,12.1,8.60950528504327
269,BW,Backnang – Schwäbisch Gmünd,Grüne,11.4,8.87322825402953
270,BW,Aalen – Heidenheim,Grüne,11,8.44050967786461
271,BW,Karlsruhe-Stadt,Grüne,18.3,8.34776409249753
272,BW,Karlsruhe-Land,Grüne,12.3,8.76154107553884
273,BW,Rastatt,Grüne,11.4,8.49361560051329
274,BW,Heidelberg,Grüne,17.1,8.77111044595949
275,BW,Mannheim,Grüne,13.2,8.89545787661336
276,BW,Odenwald – Tauber,Grüne,8.5,8.88279735064134
277,BW,Rhein-Neckar,Grüne,11.4,8.56018071179278
278,BW,Bruchsal – Schwetzingen,Grüne,10.2,8.05906288372353
279,BW,Pforzheim,Grüne,10.8,8.62566417688504
280,BW,Calw,Grüne,9.9,8.05279834894463
281,BW,Freiburg,Grüne,21.2,8.11921716341749
282,BW,Lörrach – Müllheim,Grüne,15.4,8.65507787000388
283,BW,Emmendingen – Lahr,Grüne,13.7,8.1086918390356
284,BW,Offenburg,Grüne,13.8,8.54837824427523
285,BW,Rottweil – Tuttlingen,Grüne,10.2,8.11081747501157
286,BW,Schwarzwald-Baar,Grüne,12.2,8.6640890231356
287,BW,Konstanz,Grüne,16,8.65144834993407
288,BW,Waldshut,Grüne,13.9,8.90070602018386
289,BW,Reutlingen,Grüne,13.9,8.94617196568288
290,BW,Tübingen,Grüne,18,8.51496220729314
291,BW,Ulm,Grüne,13.7,8.02255907002836
292,BW,Biberach,Grüne,11.3,8.94155377149582
293,BW,Bodensee,Grüne,14.7,8.7999194925651
294,BW,Ravensburg,Grüne,15,8.87920310744084
295,BW,Zollernalb – Sigmaringen,Grüne,11.5,8.98056439193897
296,SL,Saarbrücken,Grüne,8.1,8.59058010927401
297,SL,Saarlouis,Grüne,5.5,8.31223794794641
298,SL,St. Wendel,Grüne,4.8,8.20740462071262
299,SL,Homburg,Grüne,5.6,8.08800032082945
1,SH,Flensburg – Schleswig,AfD,6.8,2.57715969532728
2,SH,Nordfriesland – Dithmarschen Nord,AfD,6.5,2.15350714605302
3,SH,Steinburg – Dithmarschen Süd,AfD,8.5,2.46320025180466
4,SH,Rendsburg-Eckernförde,AfD,7.4,2.81581218191423
5,SH,Kiel,AfD,6.9,2.14678712957539
6,SH,Plön – Neumünster,AfD,8.6,2.96379989013076
7,SH,Pinneberg,AfD,8.6,2.29471016628668
8,SH,Segeberg – Stormarn-Mitte,AfD,8.9,2.5461847493425
9,SH,Ostholstein – Stormarn-Nord,AfD,8.6,2.32411034312099
10,SH,Herzogtum Lauenburg – Stormarn-Süd,AfD,9.8,2.31917860079557
11,SH,Lübeck,AfD,8.9,2.77860767301172
12,MV,Schwerin – Ludwigslust-Parchim I – Nordwestmecklenburg I,AfD,16.5,2.71592228277586
13,MV,Ludwigslust-Parchim II – Nordwestmecklenburg II – Landkreis Rostock I,AfD,17.7,2.35604114132002
14,MV,Rostock – Landkreis Rostock II,AfD,15.5,2.89110364369117
15,MV,Vorpommern-Rügen – Vorpommern-Greifswald I,AfD,19.6,2.57559818774462
16,MV,Mecklenburgische Seenplatte I – Vorpommern-Greifswald II,AfD,23,2.54811267508194
17,MV,Mecklenburgische Seenplatte II – Landkreis Rostock III,AfD,19.2,2.95958283985965
18,HH,Hamburg-Mitte,AfD,8,2.62095310376026
19,HH,Hamburg-Altona,AfD,5.5,2.64396265475079
20,HH,Hamburg-Eimsbüttel,AfD,5.9,2.0975224270951
21,HH,Hamburg-Nord,AfD,6.2,2.93309152428992
22,HH,Hamburg-Wandsbek,AfD,9.8,2.92158323060721
23,HH,Hamburg-Bergedorf – Harburg,AfD,11.5,2.14557179878466
24,NI,Aurich – Emden,AfD,9.1,2.29190086433664
25,NI,Unterems,AfD,8.4,2.21649060957134
26,NI,Friesland – Wilhelmshaven – Wittmund,AfD,9.1,2.78703872486949
27,NI,Oldenburg – Ammerland,AfD,7.2,2.26431946549565
28,NI,Delmenhorst – Wesermarsch – Oldenburg-Land,AfD,9.7,2.09123153146356
29,NI,Cuxhaven – Stade II,AfD,9,2.28429988073185
30,NI,Stade I – Rotenburg II,AfD,8.9,2.21127919526771
31,NI,Mittelems,AfD,5.4,2.90388473891653
32,NI,Cloppenburg – Vechta,AfD,8.1,2.89839924545959
33,NI,Diepholz – Nienburg I,AfD,8.4,2.42285383562557
34,NI,Osterholz – Verden,AfD,9.7,2.92133493279107
35,NI,Rotenburg I – Heidekreis,AfD,9.3,2.47704328922555
36,NI,Harburg,AfD,10,2.727359152399
37,NI,Lüchow-Dannenberg – Lüneburg,AfD,8.9,2.40341394720599
38,NI,Osnabrück-Land,AfD,7.3,2.01475421153009
39,NI,Stadt Osnabrück,AfD,6.3,2.058393958956
40,NI,Nienburg II – Schaumburg,AfD,10.3,2.96783154178411
41,NI,Stadt Hannover I,AfD,9.1,2.98086080397479
42,NI,Stadt Hannover II,AfD,7.6,2.26008712872863
43,NI,Hannover-Land I,AfD,10.2,2.80156111274846
44,NI,Celle – Uelzen,AfD,10.9,2.52644474920817
45,NI,Gifhorn – Peine,AfD,10.9,2.0819443508517
46,NI,Hameln-Pyrmont – Holzminden,AfD,10.1,2.00478860852309
47,NI,Hannover-Land II,AfD,10.4,2.10885692806914
48,NI,Hildesheim,AfD,9.3,2.06608734419569
49,NI,Salzgitter – Wolfenbüttel,AfD,12.3,2.65628194459714
50,NI,Braunschweig,AfD,8.4,2.86409539543092
51,NI,Helmstedt – Wolfsburg,AfD,10.9,2.55939247924834
52,NI,Goslar – Northeim – Osterode,AfD,10.1,2.94936119089834
53,NI,Göttingen,AfD,7.9,2.52074274118058
54,HB,Bremen I,AfD,8.3,2.20143885724247
55,HB,Bremen II – Bremerhaven,AfD,12.1,2.32562212995254
56,BB,Prignitz – Ostprignitz-Ruppin – Havelland I,AfD,18.7,2.66531363222748
57,BB,Uckermark – Barnim I,AfD,20.8,2.6328991712071
58,BB,Oberhavel – Havelland II,AfD,18.6,2.69290766189806
59,BB,Märkisch-Oderland – Barnim II,AfD,20.7,2.90090625826269
60,BB,Brandenburg an der Havel – Potsdam-Mittelmark I – Havelland III – Teltow-Fläming I,AfD,17.7,2.46777476323768
61,BB,Potsdam – Potsdam-Mittelmark II – Teltow-Fläming II,AfD,13.3,2.23797984491102
62,BB,Dahme-Spreewald – Teltow-Fläming III – Oberspreewald-Lausitz I,AfD,21,2.07542451261543
63,BB,Frankfurt (Oder) – Oder-Spree,AfD,22.1,2.3370339598041
64,BB,Cottbus – Spree-Neiße,AfD,26.8,2.36080815969035
65,BB,Elbe-Elster – Oberspreewald-Lausitz II,AfD,25.2,2.74735159124248
66,ST,Altmark,AfD,16.8,2.11885689920746
67,ST,Börde – Jerichower Land,AfD,18.8,2.37581720855087
68,ST,Harz,AfD,16.9,2.06224858621135
69,ST,Magdeburg,AfD,16.2,2.14397887815721
70,ST,Dessau – Wittenberg,AfD,20,2.66719984379597
71,ST,Anhalt,AfD,22.2,2.3632125495933
72,ST,Halle,AfD,17.8,2.09146300749853
73,ST,Burgenland – Saalekreis,AfD,24.6,2.07425606157631
74,ST,Mansfeld,AfD,23.9,2.38930301484652
75,BE,Berlin-Mitte,AfD,8.2,2.97125762468204
76,BE,Berlin-Pankow,AfD,12.5,2.92197836725973
77,BE,Berlin-Reinickendorf,AfD,13.7,2.80642229947262
78,BE,Berlin-Spandau – Charlottenburg Nord,AfD,14.1,2.57276786561124
79,BE,Berlin-Steglitz-Zehlendorf,AfD,8.8,2.56926652463153
80,BE,Berlin-Charlottenburg-Wilmersdorf,AfD,7.9,2.40822159592062
81,BE,Berlin-Tempelhof-Schöneberg,AfD,9.6,2.42010228568688
82,BE,Berlin-Neukölln,AfD,11.2,2.69610914564691
83,BE,Berlin-Friedrichshain-Kreuzberg – Prenzlauer Berg Ost,AfD,6.3,2.5888717493508
84,BE,Berlin-Treptow-Köpenick,AfD,16.9,2.12920810910873
85,BE,Berlin-Marzahn-Hellersdorf,AfD,21.6,2.36407673265785
86,BE,Berlin-Lichtenberg,AfD,16.7,2.00714674824849
87,NW,Aachen I,AfD,5.9,2.95735261170194
88,NW,Aachen II,AfD,8.7,2.04749528574757
89,NW,Heinsberg,AfD,8.7,2.22339839441702
90,NW,Düren,AfD,9.6,2.17452670726925
91,NW,Rhein-Erft-Kreis I,AfD,9.5,2.14237351412885
92,NW,Euskirchen – Rhein-Erft-Kreis II,AfD,9.8,2.19993246113881
93,NW,Köln I,AfD,8.9,2.16751343873329
94,NW,Köln II,AfD,5.1,2.94441985012963
95,NW,Köln III,AfD,7.8,2.6815847796388
96,NW,Bonn,AfD,7.3,2.68896742071956
97,NW,Rhein-Sieg-Kreis I,AfD,10,2.96936554741114
98,NW,Rhein-Sieg-Kreis II,AfD,8.8,2.46144432527944
99,NW,Oberbergischer Kreis,AfD,10.6,2.30811051325873
100,NW,Rheinisch-Bergischer Kreis,AfD,8,2.46968265948817
101,NW,Leverkusen – Köln IV,AfD,9.7,2.77058628643863
102,NW,Wuppertal I,AfD,11.1,2.47430649795569
103,NW,Solingen – Remscheid – Wuppertal II,AfD,10,2.59426762326621
104,NW,Mettmann I,AfD,9.5,2.90741110616364
105,NW,Mettmann II,AfD,9.6,2.40923960716464
106,NW,Düsseldorf I,AfD,7,2.83019879949279
107,NW,Düsseldorf II,AfD,9.1,2.61118786805309
108,NW,Neuss I,AfD,9.4,2.11618190817535
109,NW,Mönchengladbach,AfD,9.5,2.89334508031607
110,NW,Krefeld I – Neuss II,AfD,7.9,2.83561718976125
111,NW,Viersen,AfD,7.5,2.8911116537638
112,NW,Kleve,AfD,6.9,2.87724716495723
113,NW,Wesel I,AfD,9,2.58668989152648
114,NW,Krefeld II – Wesel II,AfD,9.2,2.5713283510413
115,NW,Duisburg I,AfD,11.3,2.40077718230896
116,NW,Duisburg II,AfD,15.5,2.42779086553492
117,NW,Oberhausen – Wesel III,AfD,12.5,2.65523898648098
118,NW,Mülheim – Essen I,AfD,11.4,2.10095492936671
119,NW,Essen II,AfD,15,2.69713180768304
120,NW,Essen III,AfD,8.4,2.81737871048972
121,NW,Recklinghausen I,AfD,12,2.78200072515756
122,NW,Recklinghausen II,AfD,12.5,2.90629238076508
123,NW,Gelsenkirchen,AfD,17,2.0000987239182
124,NW,Steinfurt I – Borken I,AfD,6.3,2.82120191911235
125,NW,Bottrop – Recklinghausen III,AfD,12.4,2.54058911837637
126,NW,Borken II,AfD,6,2.85415587364696
127,NW,Coesfeld – Steinfurt II,AfD,6.1,2.27325625065714
128,NW,Steinfurt III,AfD,6.8,2.58056172030047
129,NW,Münster,AfD,4.9,2.53493818989955
130,NW,Warendorf,AfD,7.4,2.8307482546661
131,NW,Gütersloh I,AfD,8.6,2.01647018571384
132,NW,Bielefeld – Gütersloh II,AfD,8.9,2.73994878237136
133,NW,Herford – Minden-Lübbecke II,AfD,10.8,2.84501246130094
134,NW,Minden-Lübbecke I,AfD,10.6,2.48050363804214
135,NW,Lippe I,AfD,10.8,2.25127301318571
136,NW,Höxter – Gütersloh III – Lippe II,AfD,9.6,2.36382174910977
137,NW,Paderborn,AfD,9.9,2.01765396120027
138,NW,Hagen – Ennepe-Ruhr-Kreis I,AfD,11.8,2.75224497634917
139,NW,Ennepe-Ruhr-Kreis II,AfD,9.7,2.90246141841635
140,NW,Bochum I,AfD,9.8,2.40482528321445
141,NW,Herne – Bochum II,AfD,13.4,2.6967800417915
142,NW,Dortmund I,AfD,9.8,2.28408548375592
143,NW,Dortmund II,AfD,10.9,2.10511719458736
144,NW,Unna I,AfD,9.8,2.4853347747121
145,NW,Hamm – Unna II,AfD,11.2,2.10678893770091
146,NW,Soest,AfD,9.3,2.38183086342178
147,NW,Hochsauerlandkreis,AfD,8,2.06099641066976
148,NW,Siegen-Wittgenstein,AfD,10.7,2.76268650498241
149,NW,Olpe – Märkischer Kreis I,AfD,9.2,2.55206278688274
150,NW,Märkischer Kreis II,AfD,11.6,2.56917765201069
151,SN,Nordsachsen,AfD,26.9,2.60030518914573
152,SN,Leipzig I,AfD,20.8,2.28058394161053
153,SN,Leipzig II,AfD,16,2.27454928285442
154,SN,Leipzig-Land,AfD,26.9,2.182545368094
155,SN,Meißen,AfD,32.9,2.37268836447038
156,SN,Bautzen I,AfD,32.8,2.95360721414909
157,SN,Görlitz,AfD,32.9,2.17060651839711
158,SN,Sächsische Schweiz-Osterzgebirge,AfD,35.5,2.99955411348492
159,SN,Dresden I,AfD,23.1,2.4194569347892
160,SN,Dresden II – Bautzen II,AfD,23.3,2.83059024368413
161,SN,Mittelsachsen,AfD,31.2,2.83559461124241
162,SN,Chemnitz,AfD,24.3,2.55755433393642
163,SN,Chemnitzer Umland – Erzgebirgskreis II,AfD,26.8,2.24280510260724
164,SN,Erzgebirgskreis I,AfD,29.2,2.37376319710165
165,SN,Zwickau,AfD,26.2,2.46646304591559
166,SN,Vogtlandkreis,AfD,26.4,2.66184150148183
167,HE,Waldeck,AfD,11.7,2.95339344744571
168,HE,Kassel,AfD,10.5,2.09808368305676
169,HE,Werra-Meißner – Hersfeld-Rotenburg,AfD,13.1,2.09313104278408
170,HE,Schwalm-Eder,AfD,12.9,2.54850270156749
171,HE,Marburg,AfD,11.5,2.42068143119104
172,HE,Lahn-Dill,AfD,13.7,2.67106784065254
173,HE,Gießen,AfD,12.4,2.80689893267117
174,HE,Fulda,AfD,15.8,2.09141415404156
175,HE,Main-Kinzig – Wetterau II – Schotten,AfD,15.4,2.66547504998744
176,HE,Hochtaunus,AfD,11.2,2.47828213637695
177,HE,Wetterau I,AfD,11.6,2.72039157664403
178,HE,Rheingau-Taunus – Limburg,AfD,11.9,2.60260104434565
179,HE,Wiesbaden,AfD,11.2,2.58811469376087
180,HE,Hanau,AfD,14.1,2.1212094835937
181,HE,Main-Taunus,AfD,10.3,2.05569015955552
182,HE,Frankfurt am Main I,AfD,9.3,2.4223034507595
183,HE,Frankfurt am Main II,AfD,8,2.49679806292988
184,HE,Groß-Gerau,AfD,12.2,2.42019407940097
185,HE,Offenbach,AfD,11.8,2.71224693744443
186,HE,Darmstadt,AfD,9.8,2.24915340123698
187,HE,Odenwald,AfD,12.2,2.58207883150317
188,HE,Bergstraße,AfD,12.9,2.81093306769617
189,TH,Eichsfeld – Nordhausen – Kyffhäuserkreis,AfD,21.1,2.42961281724274
190,TH,Eisenach – Wartburgkreis – Unstrut-Hainich-Kreis,AfD,22.3,2.89320067479275
191,TH,Jena – Sömmerda – Weimarer Land I,AfD,19.8,2.89701179950498
192,TH,Gotha – Ilm-Kreis,AfD,24.1,2.61243858071975
193,TH,Erfurt – Weimar – Weimarer Land II,AfD,18.2,2.52780936844647
194,TH,Gera – Greiz – Altenburger Land,AfD,27.1,2.01119848992676
195,TH,Saalfeld-Rudolstadt – Saale-Holzland-Kreis – Saale-Orla-Kreis,AfD,25.7,2.15519929188304
196,TH,Suhl – Schmalkalden-Meiningen – Hildburghausen – Sonneberg,AfD,23,2.03483908087946
197,RP,Neuwied,AfD,10.8,2.53108643554151
198,RP,Ahrweiler,AfD,9.6,2.33533314289525
199,RP,Koblenz,AfD,9.2,2.10280271898955
200,RP,Mosel/Rhein-Hunsrück,AfD,9,2.94347530044615
201,RP,Kreuznach,AfD,11.7,2.07573414035141
202,RP,Bitburg,AfD,8,2.99233882687986
203,RP,Trier,AfD,8,2.87383266421966
204,RP,Montabaur,AfD,11,2.24540196196176
205,RP,Mainz,AfD,8.2,2.53079202841036
206,RP,Worms,AfD,13.1,2.94793417700566
207,RP,Ludwigshafen/Frankenthal,AfD,15.5,2.53275376022793
208,RP,Neustadt – Speyer,AfD,12.7,2.28337789466605
209,RP,Kaiserslautern,AfD,13.7,2.69285394554026
210,RP,Pirmasens,AfD,14.1,2.32375511736609
211,RP,Südpfalz,AfD,13.6,2.62747858813964
212,BY,Altötting,AfD,14.6,2.19152266997844
213,BY,Erding – Ebersberg,AfD,11.9,2.09773135674186
214,BY,Freising,AfD,13.6,2.41237369528972
215,BY,Fürstenfeldbruck,AfD,11.6,2.97498804447241
216,BY,Ingolstadt,AfD,15.1,2.44765043351799
217,BY,München-Nord,AfD,8.6,2.64218101743609
218,BY,München-Ost,AfD,8.6,2.34358038543724
219,BY,München-Süd,AfD,8.6,2.40318663208745
220,BY,München-West/Mitte,AfD,7.7,2.69084025826305
221,BY,München-Land,AfD,9.4,2.10793350357562
222,BY,Rosenheim,AfD,13.9,2.93280222825706
223,BY,Bad Tölz-Wolfratshausen – Miesbach,AfD,11.7,2.73558842833154
224,BY,Starnberg – Landsberg am Lech,AfD,9.9,2.7014731108211
225,BY,Traunstein,AfD,12,2.82733826315962
226,BY,Weilheim,AfD,12.1,2.99459788296372
227,BY,Deggendorf,AfD,19.2,2.30564317060634
228,BY,Landshut,AfD,14.6,2.30584973120131
229,BY,Passau,AfD,16.1,2.67522192886099
230,BY,Rottal-Inn,AfD,16.6,2.30799050396308
231,BY,Straubing,AfD,18.4,2.04633821547031
232,BY,Amberg,AfD,12.8,2.29134527686983
233,BY,Regensburg,AfD,12.9,2.18893917254172
234,BY,Schwandorf,AfD,17.4,2.4686415430624
235,BY,Weiden,AfD,13.5,2.80374566954561
236,BY,Bamberg,AfD,12.7,2.63972067739815
237,BY,Bayreuth,AfD,10.7,2.79175105970353
238,BY,Coburg,AfD,11.6,2.52549897064455
239,BY,Hof,AfD,13.2,2.99888739688322
240,BY,Kulmbach,AfD,13.4,2.64430061285384
241,BY,Ansbach,AfD,11.8,2.31223269272596
242,BY,Erlangen,AfD,9.6,2.5784389982
243,BY,Fürth,AfD,11.7,2.01064104610123
244,BY,Nürnberg-Nord,AfD,10,2.59642141964287
245,BY,Nürnberg-Süd,AfD,14.3,2.50513274082914
246,BY,Roth,AfD,11.6,2.06503092590719
247,BY,Aschaffenburg,AfD,11.6,2.23270286386833
248,BY,Bad Kissingen,AfD,11.6,2.42875192454085
249,BY,Main-Spessart,AfD,10.8,2.75775314797647
250,BY,Schweinfurt,AfD,12.2,2.30882431194186
251,BY,Würzburg,AfD,8.7,2.87537329411134
252,BY,Augsburg-Stadt,AfD,13.8,2.94542854325846
253,BY,Augsburg-Land,AfD,13.7,2.15665557980537
254,BY,Donau-Ries,AfD,14.7,2.27191135543399
255,BY,Neu-Ulm,AfD,15.1,2.95171708241105
256,BY,Oberallgäu,AfD,10.6,2.49413779866882
257,BY,Ostallgäu,AfD,13.3,2.31570569518954
258,BW,Stuttgart I,AfD,7.2,2.95786730130203
259,BW,Stuttgart II,AfD,10.8,2.65285574621521
260,BW,Böblingen,AfD,11.7,2.73281525913626
261,BW,Esslingen,AfD,10.9,2.85158941219561
262,BW,Nürtingen,AfD,12.3,2.73875849694014
263,BW,Göppingen,AfD,14.7,2.16393732768483
264,BW,Waiblingen,AfD,12.9,2.23814691766165
265,BW,Ludwigsburg,AfD,11.4,2.20855178264901
266,BW,Neckar-Zaber,AfD,13.1,2.67329495865852
267,BW,Heilbronn,AfD,16.4,2.49730787868612
268,BW,Schwäbisch Hall – Hohenlohe,AfD,14.6,2.08908889023587
269,BW,Backnang – Schwäbisch Gmünd,AfD,14.4,2.96855354658328
270,BW,Aalen – Heidenheim,AfD,12.3,2.12752643134445
271,BW,Karlsruhe-Stadt,AfD,10.4,2.11127639003098
272,BW,Karlsruhe-Land,AfD,12.5,2.73142912983894
273,BW,Rastatt,AfD,12.7,2.18192069232464
274,BW,Heidelberg,AfD,9.5,2.17050059209578
275,BW,Mannheim,AfD,12.8,2.57418518606573
276,BW,Odenwald – Tauber,AfD,13.8,2.61580851511098
277,BW,Rhein-Neckar,AfD,13.5,2.99486487661488
278,BW,Bruchsal – Schwetzingen,AfD,14.9,2.24369243392721
279,BW,Pforzheim,AfD,16.3,2.82503374363296
280,BW,Calw,AfD,15,2.98680660594255
281,BW,Freiburg,AfD,7.9,2.32209046860225
282,BW,Lörrach – Müllheim,AfD,10.5,2.10721720498987
283,BW,Emmendingen – Lahr,AfD,11.5,2.34830641979352
284,BW,Offenburg,AfD,11.6,2.73266805522144
285,BW,Rottweil – Tuttlingen,AfD,14,2.31056956318207
286,BW,Schwarzwald-Baar,AfD,12.4,2.2714370759204
287,BW,Konstanz,AfD,10.3,2.49065407481976
288,BW,Waldshut,AfD,9.8,2.47890176763758
289,BW,Reutlingen,AfD,12.9,2.82170444005169
290,BW,Tübingen,AfD,10,2.88563574524596
291,BW,Ulm,AfD,11.6,2.43986808229238
292,BW,Biberach,AfD,12.5,2.49404397676699
293,BW,Bodensee,AfD,10.4,2.46297672251239
294,BW,Ravensburg,AfD,10.3,2.171931785997
295,BW,Zollernalb – Sigmaringen,AfD,13.7,2.24670267151669
296,SL,Saarbrücken,AfD,9.7,2.17620747862384
297,SL,Saarlouis,AfD,9.8,2.69879338820465
298,SL,St. Wendel,AfD,9.1,2.37332775513642
299,SL,Homburg,AfD,11.7,2.96909723826684
